ray,direction,orientation,n_min,n_min_ml,n_min_wall,e_min_kcal,r_at_min
0,0,0,1,1,0,-1.73404150390625,5.800000000000001
1,0,1,0,0,0,0.0,nan
2,0,2,1,1,0,-0.836407600402832,6.0
3,0,3,1,1,0,-0.7414012680053711,6.4
4,0,4,1,1,0,-1.4550043869018556,5.4
5,0,5,1,1,0,-1.1974316635131836,5.6
6,0,6,1,1,0,-0.435973503112793,6.2
7,0,7,1,1,0,-1.7757387275695802,5.800000000000001
8,0,8,1,1,0,-3.2793019065856934,5.0
9,0,9,0,0,0,0.0,nan
10,0,10,1,1,0,-1.6057829551696778,5.800000000000001
11,0,11,1,1,0,-2.126558406829834,5.0
12,0,12,1,1,0,-0.5571945457458496,5.2
13,0,13,1,1,0,-0.4454741363525391,6.2
14,0,14,1,1,0,-2.673724506378174,5.2
15,0,15,1,1,0,-0.6854530944824219,5.2
16,0,16,1,1,0,-0.5156732597351075,5.800000000000001
17,0,17,1,1,0,-1.677917392730713,5.0
18,0,18,1,1,0,-2.098056507110596,5.0
19,0,19,1,1,0,-1.547547592163086,5.6
20,0,20,0,0,0,0.0,nan
21,0,21,2,1,1,-0.3290034103393555,6.0
22,0,22,2,2,0,-0.7130753059387207,5.4
23,0,23,0,0,0,0.0,nan
24,1,0,1,1,0,-0.7693753547668457,5.4
25,1,1,1,1,0,-1.1367331733703614,5.0
26,1,2,2,2,0,-4.040408191680909,4.8
27,1,3,1,1,0,-1.2382491989135742,5.2
28,1,4,0,0,0,0.0,nan
29,1,5,2,2,0,-4.153887977600098,5.0
30,1,6,2,2,0,-1.0556259155273438,5.0
31,1,7,1,1,0,-0.7604025344848633,5.4
32,1,8,1,1,0,-0.8080816383361816,5.6
33,1,9,1,1,0,-0.6073367767333985,6.2
34,1,10,1,1,0,-2.213823482513428,5.2
35,1,11,0,0,0,0.0,nan
36,1,12,1,1,0,-2.1453837356567385,5.0
37,1,13,2,2,0,-1.7901656150817873,4.8
38,1,14,0,0,0,0.0,nan
39,1,15,1,1,0,-2.199572532653809,5.0
40,1,16,0,0,0,0.0,nan
41,1,17,0,0,0,0.0,nan
42,1,18,0,0,0,0.0,nan
43,1,19,2,2,0,-0.36207968902587895,6.0
44,1,20,2,1,1,-0.5207754516601563,6.0
45,1,21,1,1,0,-0.7846819305419922,5.0
46,1,22,2,1,1,-0.8601591835021973,6.2
47,1,23,1,1,0,-0.4120459823608399,5.0
48,2,0,1,1,0,-0.876697322845459,5.0
49,2,1,2,1,1,-9.637336795806885,4.8
50,2,2,1,1,0,-0.39955440902709966,6.0
51,2,3,0,0,0,0.0,nan
52,2,4,1,1,0,-1.2586579666137696,5.800000000000001
53,2,5,2,2,0,-0.2839633712768555,6.0
54,2,6,1,1,0,0.16749264526367189,4.2
55,2,7,2,2,0,-0.4171481742858887,5.800000000000001
56,2,8,1,1,0,-0.2899452514648438,5.800000000000001
57,2,9,1,1,0,-0.004574378967285156,4.4
58,2,10,1,1,0,-0.30701120376586916,5.0
59,2,11,3,3,0,-1.6590920639038087,4.4
60,2,12,1,1,0,0.5367857780456543,4.4
61,2,13,2,2,0,-0.3733396987915039,5.800000000000001
62,2,14,2,2,0,-3.9853397064208984,4.2
63,2,15,0,0,0,0.0,nan
64,2,16,3,2,1,-11.29836417388916,4.6
65,2,17,0,0,0,0.0,nan
66,2,18,3,2,1,-2.072369609832764,4.6
67,2,19,2,2,0,-2.4942681007385255,4.4
68,2,20,1,1,0,-3.6095368804931645,4.4
69,2,21,1,1,0,-1.2839929885864259,5.800000000000001
70,2,22,1,1,0,-1.2700939140319825,4.2
71,2,23,1,1,0,-0.4284081840515137,5.6
72,3,0,1,1,0,-4.68838656616211,5.2
73,3,1,1,1,0,-1.064950611114502,5.800000000000001
74,3,2,1,1,0,-3.9886825218200688,4.4
75,3,3,2,2,0,-0.7171218719482422,5.4
76,3,4,1,1,0,-0.8362316627502442,5.800000000000001
77,3,5,1,1,0,-1.8856997604370118,5.2
78,3,6,2,2,0,-3.5386340065002444,5.0
79,3,7,2,1,1,-5.210569519042969,5.0
80,3,8,1,1,0,-0.8599832458496094,5.800000000000001
81,3,9,3,2,1,-2.0713139839172365,5.4
82,3,10,2,2,0,-4.881214233398437,5.2
83,3,11,3,3,0,-2.4590805702209475,4.6
84,3,12,1,1,0,-1.769580909729004,5.800000000000001
85,3,13,1,1,0,-0.5112748184204102,6.0
86,3,14,1,1,0,-1.6897052154541017,5.4
87,3,15,2,1,1,-1.4456796913146974,5.800000000000001
88,3,16,1,1,0,-0.955693328857422,5.6
89,3,17,1,1,0,-2.1612181243896487,5.4
90,3,18,2,2,0,-2.2303616218566895,4.6
91,3,19,1,1,0,-7.3029960212707525,4.8
92,3,20,2,2,0,-2.046506774902344,5.4
93,3,21,1,1,0,-2.0452752113342285,5.0
94,3,22,1,0,1,-5.183651058197022,5.0
95,3,23,1,1,0,-1.3594702415466309,5.800000000000001
96,4,0,1,1,0,-0.7938306884765626,4.6
97,4,1,2,2,0,-2.453450565338135,4.8
98,4,2,2,1,1,-3.7909286003112794,4.8
99,4,3,2,2,0,-2.1193449630737304,4.0
100,4,4,1,1,0,-3.2228259201049805,4.4
101,4,5,2,1,1,-0.8207491493225098,5.6
102,4,6,1,1,0,-2.798816177368164,5.0
103,4,7,1,1,0,-1.225933563232422,4.8
104,4,8,2,2,0,-9.541274837493898,4.8
105,4,9,2,2,0,-0.6330236740112305,5.6
106,4,10,1,1,0,-1.6122926483154298,5.0
107,4,11,2,2,0,-2.0049854888916014,4.8
108,4,12,1,1,0,-0.7670881652832031,5.800000000000001
109,4,13,2,1,1,-2.7602858314514163,5.2
110,4,14,1,1,0,-1.198663227081299,5.4
111,4,15,3,3,0,-2.4747390213012697,4.6
112,4,16,1,1,0,-1.9829932823181153,4.8
113,4,17,1,1,0,-2.1517174911499026,4.8
114,4,18,1,1,0,-1.5157028770446779,5.0
115,4,19,1,1,0,-2.18444189453125,4.4
116,4,20,2,2,0,-1.7593765258789062,5.0
117,4,21,1,1,0,0.9940477371215821,5.0
118,4,22,1,1,0,-0.4148609848022461,5.0
119,4,23,2,2,0,-1.1805416488647462,4.6
120,5,0,3,2,1,-7.7484701576232915,4.0
121,5,1,1,1,0,-8.652437816619873,3.8
122,5,2,1,1,0,-2.5744956703186035,4.8
123,5,3,1,1,0,-2.6712613792419435,4.8
124,5,4,2,2,0,-4.890362991333008,4.6
125,5,5,1,1,0,-1.423863422393799,4.8
126,5,6,1,1,0,-1.939888557434082,4.8
127,5,7,3,3,0,-2.885729377746582,4.6
128,5,8,1,1,0,-0.5545554809570312,4.2
129,5,9,1,1,0,-2.8144746284484863,4.8
130,5,10,1,1,0,-1.8760231895446777,5.0
131,5,11,1,1,0,-1.5285463256835938,4.8
132,5,12,2,2,0,-0.39726721954345706,4.6
133,5,13,1,1,0,-1.5929395065307619,4.8
134,5,14,1,1,0,-2.9311212921142578,4.8
135,5,15,1,1,0,-3.4121348342895508,4.4
136,5,16,1,1,0,-8.141514873504638,3.6
137,5,17,3,2,1,-4.128728893280029,4.2
138,5,18,1,1,0,-1.8624759902954102,5.0
139,5,19,2,2,0,-7.587487205505371,4.4
140,5,20,1,1,0,-1.7627193412780762,5.0
141,5,21,2,2,0,-8.069204498291016,4.4
142,5,22,1,1,0,-0.8372872886657715,5.2
143,5,23,1,1,0,-3.8340333251953127,3.8
144,6,0,2,2,0,-2.4490521240234377,5.2
145,6,1,3,3,0,-9.785124423980713,4.6
146,6,2,2,1,1,-0.7876728706359863,6.0
147,6,3,1,0,1,-10.892827884674073,4.4
148,6,4,2,2,0,-3.4061529541015627,4.6
149,6,5,1,1,0,-9.532653892517091,4.4
150,6,6,1,1,0,-3.279829719543457,5.2
151,6,7,2,1,1,-1.8376687812805177,5.800000000000001
152,6,8,2,1,1,-6.865615016937256,4.6
153,6,9,1,1,0,-2.943612865447998,5.2
154,6,10,1,1,0,-5.912912628173828,5.0
155,6,11,1,1,0,-1.364220558166504,5.800000000000001
156,6,12,2,1,1,-1.8825328826904297,5.2
157,6,13,2,2,0,-4.308185298919678,4.4
158,6,14,3,3,0,-9.527199825286866,4.6
159,6,15,1,0,1,-11.496645908355713,4.8
160,6,16,3,3,0,-4.533385494232178,4.2
161,6,17,1,1,0,-1.8332703399658203,5.800000000000001
162,6,18,2,1,1,-6.043282428741455,5.0
163,6,19,2,2,0,-7.347156372070313,4.8
164,6,20,1,1,0,-9.863592617034913,4.8
165,6,21,1,1,0,-1.7701087226867676,5.800000000000001
166,6,22,1,1,0,-4.078058849334717,5.0
167,6,23,2,2,0,-2.8881925048828125,4.8
168,7,0,1,1,0,-2.874293430328369,4.8
169,7,1,1,1,0,-1.0125211906433107,5.800000000000001
170,7,2,1,1,0,-2.361962985992432,4.8
171,7,3,1,1,0,-0.6870365333557129,5.0
172,7,4,1,1,0,-0.3077149543762207,6.4
173,7,5,0,0,0,0.0,nan
174,7,6,1,1,0,-0.3531068687438965,6.0
175,7,7,0,0,0,0.0,nan
176,7,8,0,0,0,0.0,nan
177,7,9,1,1,0,-1.3765361938476564,5.2
178,7,10,1,1,0,-0.685277156829834,4.8
179,7,11,1,1,0,-1.3420524139404297,5.800000000000001
180,7,12,1,1,0,-1.5489550933837892,5.2
181,7,13,0,0,0,0.0,nan
182,7,14,1,1,0,-1.6578605003356934,5.6
183,7,15,1,1,0,-0.9571008300781251,6.0
184,7,16,0,0,0,0.0,nan
185,7,17,1,1,0,-0.6574790077209473,6.0
186,7,18,2,1,1,-1.5978657608032227,6.0
187,7,19,0,0,0,0.0,nan
188,7,20,1,1,0,-1.6233767204284668,5.2
189,7,21,1,1,0,-2.5282240676879884,5.0
190,7,22,0,0,0,0.0,nan
191,7,23,1,1,0,-2.038413642883301,6.0
192,8,0,2,1,1,-4.188899570465088,4.8
193,8,1,1,1,0,-2.962790069580078,4.8
194,8,2,2,2,0,-2.108964641571045,4.6
195,8,3,2,2,0,-9.806061004638673,4.4
196,8,4,1,1,0,-10.568926666259767,4.2
197,8,5,2,2,0,-1.4636253318786623,5.0
198,8,6,2,2,0,-9.101606643676758,4.0
199,8,7,1,1,0,-7.738089836120606,4.2
200,8,8,2,2,0,-1.3548958625793457,4.4
201,8,9,1,1,0,-8.1856752243042,5.0
202,8,10,2,1,1,-7.07797176361084,4.4
203,8,11,2,2,0,-3.167405559539795,4.8
204,8,12,1,1,0,-3.669531620025635,5.0
205,8,13,2,2,0,-3.928687782287598,4.4
206,8,14,1,1,0,-4.818228553771973,4.8
207,8,15,3,2,1,-3.592294990539551,4.6
208,8,16,1,1,0,-3.056564838409424,4.8
209,8,17,2,1,1,0.6395333671569825,4.6
210,8,18,1,1,0,-1.1831807136535646,5.4
211,8,19,1,1,0,-14.752724044799805,4.4
212,8,20,1,0,1,-12.160282733917237,4.8
213,8,21,1,0,1,-7.764656421661377,4.6
214,8,22,1,0,1,-5.037974681854248,4.8
215,8,23,1,1,0,-1.407677158355713,5.4
216,9,0,1,1,0,-1.0169196319580078,5.800000000000001
217,9,1,1,1,0,-0.4004340972900391,5.800000000000001
218,9,2,1,1,0,-0.8265550918579102,5.800000000000001
219,9,3,1,1,0,-1.3232270851135255,6.0
220,9,4,1,1,0,-1.9154332237243654,5.0
221,9,5,2,2,0,-1.6580364379882813,5.0
222,9,6,2,2,0,-2.596136001586914,5.6
223,9,7,2,2,0,-1.936897617340088,5.0
224,9,8,1,1,0,-1.3921946449279785,5.2
225,9,9,1,1,0,-1.6318217277526856,5.800000000000001
226,9,10,1,1,0,-1.050523723602295,5.800000000000001
227,9,11,1,1,0,-2.604405071258545,4.8
228,9,12,1,1,0,-1.2551392135620119,6.0
229,9,13,1,1,0,-0.7510778388977051,5.800000000000001
230,9,14,1,1,0,-2.416503658294678,4.8
231,9,15,1,0,1,-8.905260223388673,5.0
232,9,16,2,2,0,-0.6309124221801758,5.800000000000001
233,9,17,1,1,0,-2.931473167419434,4.6
234,9,18,1,1,0,-7.271679119110107,4.6
235,9,19,1,1,0,-1.0082986869812012,5.6
236,9,20,1,1,0,-0.9787411613464356,6.0
237,9,21,1,1,0,-0.34237467193603516,6.0
238,9,22,1,1,0,-2.800575553894043,5.2
239,9,23,1,1,0,-10.049734653472902,4.8
