frame,q,P_rad,x_cp,y_cp,E_pot_eV,normal_x,normal_y,normal_z,cos_theta_to_lab_z,theta_to_lab_z_deg
0,0.42253001410749647,1.2888227899179552,0.11756973169771488,0.4058435302061726,-68.17008209228516,-0.3441646790151872,0.5203799231538484,0.781508419210419,0.781508419210419,38.60110692771177
1,0.43582475700159146,-1.815356532947917,-0.10552609191624127,-0.4228563145329407,-67.97380828857422,-0.3361272515677477,0.5161286600658553,0.7878005312337235,0.7878005312337235,38.019559814152075
2,0.3922777691461677,1.3749001089613635,0.07635517682919121,0.3847749149017864,-67.9456558227539,-0.34413646369582007,0.518440393775442,0.7828088224189226,0.7828088224189226,38.481527147903805
3,0.45917248385315274,-1.8882961024591167,-0.14335010391254538,-0.43622255516666747,-67.94523620605469,-0.33443547003568513,0.5161322064964522,0.7885178893335991,0.7885178893335991,37.952779124620065
4,0.4285733955610368,1.4209387672165932,0.06398484651855109,0.4237700966310794,-67.94415283203125,-0.3458785900475296,0.5209128231426273,0.7803959454227777,0.7803959454227777,38.703157900983
5,0.47186229533125773,-1.8856457743002388,-0.1461231649701525,-0.44866696603871864,-67.9693374633789,-0.3286988547184597,0.5208858935073283,0.7878038771495386,0.7878038771495386,38.019248565504
6,0.4533232599194066,1.3634354403482618,0.09332930525714243,0.4436120137734966,-67.99935150146484,-0.34145399576960966,0.5167157792108035,0.7851203552879901,0.7851203552879901,38.268188975554956
7,0.476809938949362,-1.855634457632639,-0.13398459795288153,-0.4575979079850552,-67.8893814086914,-0.3338412166830212,0.5213377481456791,0.7853387768358269,0.7853387768358269,38.24797815978983
8,0.45215096314290054,1.0504458087623645,0.22480235720393393,0.39230650474674456,-67.9335708618164,-0.3425993219716224,0.5044147923327513,0.7925852773427552,0.7925852773427552,37.5722297029271
9,0.4692000848582686,-2.4229096944896664,-0.3531544763727624,-0.3089184932128318,-67.89500427246094,-0.34273137435467116,0.5152578764811224,0.785521817492756,0.785521817492756,38.231034213835294
10,0.43243577167393843,0.24332076073928843,0.4196976266369999,0.10418540597657637,-67.8477783203125,-0.33820361534070165,0.5162492533598109,0.7868322711835837,0.7868322711835837,38.10954006267517
11,0.4420519062148549,2.902742190246892,-0.42950230938303297,0.10458323968413065,-67.91087341308594,-0.35566112581229425,0.5035211028984297,0.787382792878966,0.787382792878966,38.05840230686724
12,0.4648305099669978,-1.088567722029961,0.21556737472769583,-0.4118229109085463,-67.93290710449219,-0.351330721653242,0.5086091025351815,0.7860556626861545,0.7860556626861545,38.1815801642388
13,0.46965286142345286,1.3731057278607446,0.09224237512117456,0.46050532513233927,-67.89891052246094,-0.34068834162462847,0.5025453466066029,0.7945940022962104,0.7945940022962104,37.383075053113835
14,0.4593278843532423,-2.7592187973840763,-0.4261559171860756,-0.17138622929430533,-67.93458557128906,-0.35010130013137186,0.5122048132737964,0.784267370802508,0.784267370802508,38.347030296836465
15,0.4268822295921135,-0.770390876729919,0.306347127919659,-0.29728752943389675,-67.97438049316406,-0.3543487821198641,0.5104817013867489,0.7834828480314417,0.7834828480314417,38.41942282387141
16,0.4410383510346329,1.5270602749509739,0.019283127217123417,0.44061659987803037,-67.93497467041016,-0.34484300344548535,0.5092276389671572,0.7885242638540882,0.7885242638540882,37.95218525709482
17,0.40965573886188467,-2.374419141863399,-0.294901095993142,-0.2843433979619015,-67.94316101074219,-0.3400581701060993,0.5196140729753571,0.7838122582034881,0.7838122582034881,38.3890402725052
18,0.3996690603246425,-0.20700952735848138,0.3911360995869843,-0.08214565953635912,-67.87947082519531,-0.34895535772523656,0.515617741868217,0.7825397769989543,0.7825397769989543,38.50629319586214
19,0.4074904705379978,1.840160812640512,-0.10844091285440538,0.39279645110232614,-67.9350357055664,-0.3360438948002048,0.5221127082605596,0.7838831677235664,0.7838831677235664,38.38249740125563
20,0.41269578515361083,-2.436457080642861,-0.314277616706602,-0.2674834400869958,-67.89582061767578,-0.34300010376621176,0.5180773649389049,0.7835475561536318,0.7835475561536318,38.41345619094445
21,0.42023385199809893,-0.4989405790981946,0.3690031358496791,-0.20108002411543366,-67.93026733398438,-0.346617833488306,0.5141284320858208,0.7845559462707861,0.7845559462707861,38.32037264433168
22,0.4054728461987519,1.2771240097980554,0.1173719264849897,0.38811346263395563,-67.95310974121094,-0.3522446826175444,0.5081157590870031,0.7859656855964541,0.7859656855964541,38.18991921267054
23,0.40785059391974254,2.8039223520887,-0.3848188755949561,0.1351167641209648,-67.96037292480469,-0.34164055656545095,0.5056184557588915,0.7922321044401337,0.7922321044401337,37.605402870272364
24,0.43705245724528474,-1.4880145192480903,0.03613868401792308,-0.4355557896545449,-67.90489196777344,-0.344124895913707,0.5055543467415721,0.7911971047110087,0.7911971047110087,37.70247607239714
25,0.4362027290157327,0.19221115699063548,0.42816972345191084,0.08332771879684996,-67.96601867675781,-0.338142597918344,0.5105738325254418,0.7905529362498854,0.7905529362498854,37.76278569564342
26,0.4589099801288474,1.8181058432878148,-0.11233943032264589,0.44494743763352823,-67.92973327636719,-0.34990073297008223,0.507699032059974,0.7872808710443592,0.7872808710443592,38.06787418338605
27,0.4627965303612807,-2.653149733935509,-0.40867922881230284,-0.217167945267761,-67.92682647705078,-0.3518367056840152,0.5198101679434716,0.7784653632859972,0.7784653632859972,38.87972052490017
28,0.4232361214388505,-0.8928118816546622,0.26546406777670417,-0.32963258821003544,-67.97457885742188,-0.3539370056463955,0.5066536574396072,0.7861492653670373,0.7861492653670373,38.17290345894529
29,0.4313018209542846,0.8670459618483269,0.27908746691294145,0.3288334632767772,-67.91865539550781,-0.34686839690321714,0.5072995649061797,0.7888786133973928,0.7888786133973928,37.91916067373436
30,0.43422467590428326,2.7106960850795887,-0.3945329065704101,0.181369387707198,-67.93667602539062,-0.3510902837308493,0.5070625339446483,0.7871614823779325,0.7871614823779325,38.07896675867943
31,0.43242386707218233,-1.4751792139372335,0.041284146906654794,-0.4304486264676078,-67.90939331054688,-0.32992579282883716,0.5196428304674322,0.7881118575240819,0.7881118575240819,37.99058989891977
32,0.42897689883979173,0.5537663957268574,0.3648662296395909,0.22559657401386707,-67.84842681884766,-0.33941687542936005,0.5163725971990123,0.7862286725474447,0.7862286725474447,38.165541326025746
33,0.4078267457482052,2.4513048442697274,-0.3144600250377513,0.2596874028535617,-67.91244506835938,-0.3409684818628466,0.5155709385083236,0.7860833936305945,0.7860833936305945,38.17900975787211
34,0.40610304881248177,-2.1534946326338424,-0.22346996784701856,-0.33908827718640683,-67.94953155517578,-0.3477227357233639,0.5262556885327848,0.7759792840971621,0.7759792840971621,39.106097603582306
35,0.43312956830846017,-0.49997057638416237,0.38011306593524974,-0.20764219236074713,-67.86466979980469,-0.34644305479185844,0.5190753340198155,0.7813693156239899,0.7813693156239899,38.61387981373472
36,0.4004100897729759,1.3972843325882687,0.06912786562708133,0.3943977411013491,-67.90135192871094,-0.3392037440834979,0.5153246019263583,0.7870078618725339,0.7870078618725339,38.09323583299477
37,0.4199922005526877,2.989179060131863,-0.4151234474267166,0.06376497409743959,-67.8356704711914,-0.33933189222640164,0.5157295853421359,0.7866872705979667,0.7866872705979667,38.12299943296363
38,0.4207117297235453,-1.431700780639141,0.05833060978443398,-0.4166484123204522,-67.89867401123047,-0.33478236597494876,0.5187606144061366,0.7866436247584946,0.7866436247584946,38.12704997612466
39,0.4185654789367517,-2.449981003037019,-0.32238714251544215,-0.2669524124226645,-67.95496368408203,0.3466981318394678,-0.5168506030345904,-0.78272974871395,-0.78272974871395,141.51119259803622
40,0.43758640958618983,3.1117510549484697,-0.4373915840992519,0.013056339980244913,-68.04707336425781,-0.3442950957640974,0.5190892835358915,0.7823088921589643,0.7823088921589643,38.52753578028736
41,0.4238491523975958,-0.5569966184477928,0.3597829298109668,-0.2240632665226438,-67.91307830810547,-0.35206536590342424,0.5169002778425779,0.7802974310463632,0.7802974310463632,38.71218402048886
42,0.4368980298963102,2.047791332541217,-0.20058498848465287,0.3881308425285072,-68.00062561035156,-0.3397763994278845,0.5258507222410361,0.7797647185596458,0.7797647185596458,38.76096169877373
43,0.43230923427909207,-1.5127560939041014,0.025077243615702897,-0.43158128538621043,-67.97380828857422,-0.3340619770898,0.5204472654775875,0.7858353767296021,0.7858353767296021,38.201993463043834
44,0.4366241221571132,1.5361892334529295,0.015107275789011592,0.4363626866125293,-67.89124298095703,-0.34376907144025964,0.5305856087383723,0.7747914153634078,0.7747914153634078,39.213874601362285
45,0.4444803648916088,-2.014086524715165,-0.19064383622806702,-0.40151926788439884,-67.95883178710938,-0.3370729046045031,0.5221978928052896,0.7833844635497943,0.7833844635497943,38.42849319954932
46,0.4564036600342661,0.8995677033489127,0.2838595899069613,0.3573905904056872,-67.94671630859375,-0.3394207641980447,0.5198154299990386,0.7839550137387541,0.7839550137387541,38.37586715676019
47,0.44674478311871385,-2.7447379980022832,-0.41202435517827324,-0.1726755106658579,-67.84850311279297,-0.3387301049082521,0.5176468112311273,0.7856867663713639,0.7856867663713639,38.21575956082887
48,0.45221369279057544,-0.271269779150956,0.4356768844743199,-0.12117291893009355,-67.95845794677734,-0.3543840912375044,0.5231617706138029,0.7750572092729665,0.7750572092729665,39.189780348530796
49,0.4302680252304364,1.8318584881107367,-0.11105513270795597,0.4156889835380747,-67.91812133789062,-0.3451357365430819,0.5251878555899894,0.7778554105369795,0.7778554105369795,38.93536395654814
50,0.4425394890198049,-2.1526535004953584,-0.24320928013930998,-0.3697167096521723,-67.84095764160156,-0.33843593602880784,0.5231041996711192,0.7821912256544065,0.7821912256544065,38.538357895334244
51,0.4455746219135798,0.011372424382263593,0.4455458086875267,0.005067154468485497,-67.90229797363281,-0.3396875469197468,0.522607215528912,0.7819808621345936,0.7819808621345936,38.55769922003645
52,0.44757695716562895,1.8509495761693702,-0.12375633847376179,0.4301273082160803,-67.98474884033203,-0.33668853368704527,0.5170319537111413,0.7869680998142857,0.7869680998142857,38.09692840199799
53,0.4505532903456993,-2.0706648671675723,-0.21595477319184972,-0.39542610356044117,-67.98896026611328,-0.33976344094553634,0.5228849847347179,0.7817621741526146,0.7817621741526146,38.577797235718116
54,0.45660840271940867,0.4278791467004261,0.4154441628020096,0.18946604188536545,-67.89734649658203,-0.32165173560502636,0.5284910630082288,0.7856445489550009,0.7856445489550009,38.21966948495773
55,0.44247320022805864,2.555391038046495,-0.3686013936170397,0.24477652163480842,-67.967041015625,-0.3393508731330234,0.5168659426139509,0.7859329375141665,0.7859329375141665,38.19295391170761
56,0.44119166439994584,-1.744015946865517,-0.0760414460248654,-0.4345892120410284,-67.96746826171875,-0.3358579272277104,0.5335852950775689,0.7761998361216587,0.7761998361216587,39.08605915516401
57,0.4297992536251975,0.9148577558947957,0.26213598596838383,0.34060552443722947,-67.95912170410156,-0.35015239444680984,0.5135402768607755,0.7833707198414578,0.7833707198414578,38.42976013129957
58,0.4312221535359561,-2.642516241494539,-0.37862382237206266,-0.20638930891050652,-67.97872161865234,-0.3404619634949586,0.5171059372205303,0.7852942767551757,0.7852942767551757,38.25209654069849
59,0.4239550656965352,-0.5162882783142976,0.3686956933517474,-0.20928780048924908,-67.90231323242188,-0.36088770528941594,0.513292741596596,0.7786466628678184,0.7786466628678184,38.863168401186655
60,0.42416372519467754,1.4221932480561112,0.06280030337337766,0.4194889601255767,-67.95182800292969,-0.3375526282398078,0.5256825118879473,0.7808432108071225,0.7808432108071225,38.662156049615604
61,0.4087629975609404,-2.988921115250636,-0.4040083972695708,-0.06216432345548397,-67.93089294433594,-0.3420290357580818,0.51237297747153,0.7877119211078096,0.7877119211078096,38.0278018473439
62,0.4253770351702276,-0.8219275633091994,0.289601199172447,-0.311571448448175,-67.90576171875,-0.3526605323014114,0.5200733890057232,0.7779165887195021,0.7779165887195021,38.92978594662913
63,0.4139731162085123,-1.388581928299783,0.0750151388930856,-0.40711972425840226,-67.92990112304688,0.3439864214294527,-0.5311903656336135,-0.7742803996810117,-0.7742803996810117,140.73983660772942
64,0.4224999767255932,-2.0084570179137096,-0.17906470399363045,-0.38267749099836057,-67.90890502929688,-0.3448564934335273,0.5274700666993319,0.776433723941029,0.776433723941029,39.06479964083467
65,0.41582439801620935,0.5764025167407532,0.3486391260503832,0.22662896940234253,-67.99639129638672,-0.3321607206192144,0.5167128566682444,0.7890989034534687,0.7890989034534687,37.89861781226447
66,0.39982791339499535,-3.0476327699723917,-0.39806427916638115,-0.03751253099359273,-67.97872161865234,-0.3446395615527278,0.5257195702842276,0.7777162117590907,0.7777162117590907,38.94805310413945
67,0.4328576942011774,2.9339552364713857,-0.4235602089404318,0.0892330254530116,-67.95610809326172,0.34097579800204114,-0.5284712421940253,-0.7774661737662772,-0.7774661737662772,141.0291625420039
68,0.4234500717249334,2.3806071903267636,-0.3066442286243388,0.2920261637169441,-68.03563690185547,-0.33979438920183797,0.5263126713905077,0.7794451520156742,0.7794451520156742,38.79019791947066
69,0.4353534880391383,-1.760747907863246,-0.08219967856712578,-0.4275229495492673,-67.93876647949219,-0.33471793111890474,0.5163492875119585,0.7882558720830267,0.7882558720830267,37.97718253396491
70,0.44345941203147143,-2.325430349925623,-0.3037794942491445,-0.32307006824067175,-67.92942810058594,0.337027657537374,-0.5228089947193981,-0.7829962407926125,-0.7829962407926125,141.53573296477057
71,0.4428135256820979,-3.0192122642585946,-0.43950166208711444,-0.0540565218051795,-67.97899627685547,-0.34070673166031307,0.5205109755139363,0.7829350211677071,0.7829350211677071,38.469905716614576
72,0.4425470406098158,2.786114875799078,-0.41487913719657266,0.1540233250892,-67.89769744873047,0.3430063424483246,-0.5351863307576976,-0.7719599992294517,-0.7719599992294517,140.53022279818174
73,0.4374086083488134,2.4762680547149447,-0.34411654623655785,0.27001869058246425,-67.90293884277344,-0.3338952704621984,0.5302589368261421,0.7793198369597587,0.7793198369597587,38.80165756665661
74,0.4455644477438256,1.836997305626946,-0.11721380813566723,0.4298704459201578,-67.88440704345703,0.338076254311999,-0.5228313884011563,-0.7825290956717763,-0.7825290956717763,141.49272384913195
75,0.4118041387283199,-1.929005961978936,-0.14437773742359236,-0.3856652922032492,-67.92997741699219,0.3577262706876289,-0.5105780118729869,-0.7818836288423934,-0.7818836288423934,141.43336368636358
76,0.41983157412945626,0.6963875353081861,0.3220798399014941,0.2693011833710448,-67.93888092041016,0.34766205364064934,-0.5302794646613408,-0.773262430108206,-0.773262430108206,140.64776300861368
77,0.4257514606555824,-3.058018715140927,-0.42426547337235054,-0.03554032012373,-67.89022064208984,0.3457910809617929,-0.53261557899181,-0.7724954196255756,-0.7724954196255756,140.57850726135757
78,0.4173758019025598,-0.5935968577086954,0.34597705845510196,-0.23345756581563126,-67.89071655273438,0.3366660439998782,-0.5378925996174992,-0.7728696695395678,-0.7728696695395678,140.61228670550045
79,0.4301056027730586,1.4434460450128999,0.05462613455043562,0.4266225673365789,-68.02176666259766,0.3428356316603322,-0.5216704001129899,-0.7812321827152375,-0.7812321827152375,141.37353174225996
80,0.42725774869215566,-2.794796016911314,-0.40182152154808065,-0.14521931220837878,-67.86109924316406,0.3498820955538403,-0.5241897878660219,-0.7764068427749902,-0.7764068427749902,140.9327564690567
81,0.43752962113330623,-0.6623881564319828,0.3450033775336619,-0.26908147253094195,-68.01795196533203,0.3350438520080018,-0.5312131999412532,-0.7781761712104878,-0.7781761712104878,141.0938893476768
82,0.43009841613530125,1.5604732553238758,0.004439857832186794,0.4300754994469282,-67.87738037109375,0.33960128992258454,-0.5264877306323233,-0.7794110811224992,-0.7794110811224992,141.20668612786523
83,0.4437908671948296,-2.8501580195341942,-0.42507738358543146,-0.1275129474590828,-67.86026763916016,0.35551687285688294,-0.534991236826364,-0.7664151157388929,-0.7664151157388929,140.03305178941196
84,0.44413292046974595,-1.0355898409659896,0.22651607777686644,-0.38202685449267865,-67.8419418334961,0.3382404607201209,-0.530606035568452,-0.777206938820139,-0.777206938820139,141.00555194882614
85,0.4592437896650975,1.3476952326622509,0.10160994736953105,0.44786189494253853,-67.94889068603516,0.3387509326264498,-0.5219344252693197,-0.7828360373433862,-0.7828360373433862,141.52097877806264
86,0.48342616399508115,-2.608436724198582,-0.4163301650855491,-0.24570317392097019,-67.92752075195312,0.3363345710722542,-0.5318361449157367,-0.777193265065267,-0.777193265065267,141.00430690464216
87,0.45096180451845563,-0.5576492525171317,0.3826417466116107,-0.23864585243527217,-67.8852310180664,0.3284280603666505,-0.5267747939192097,-0.7839919168302528,-0.7839919168302528,141.62753878829795
88,0.41777013152424997,1.3965459943204428,0.07242875390629817,0.4114437487693427,-67.9748306274414,0.34342255457853443,-0.5256026281525925,-0.7783333644948296,-0.7783333644948296,141.10823209972588
89,0.3992584723556735,-2.9860562213797435,-0.39443885331783807,-0.06184916119960821,-67.9817123413086,0.34892086271474176,-0.5311910246181422,-0.7720688615191839,-0.7720688615191839,140.54003604660792
90,0.36234600285932983,-0.9823316806454571,0.2011326786976396,-0.3013971986400098,-67.95008850097656,0.3414643906532349,-0.5225006574633365,-0.7812778845367353,-0.7812778845367353,141.3777266658664
91,0.40651742624338455,0.7322996064012451,0.30230216993611625,0.27179002169222677,-67.95401763916016,0.351949387560856,-0.5143319087229785,-0.7820449579563289,-0.7820449579563289,141.44819303509595
92,0.42824978232850847,2.3747059962801265,-0.3083717454657122,0.2971611392205328,-67.9046859741211,0.36100170368350365,-0.5193439356643185,-0.7745706206836819,-0.7745706206836819,140.76611976981863
93,0.42101303710934507,-2.664946433036319,-0.37408635015299696,-0.19316153873181932,-67.89134979248047,0.3400530533493253,-0.5266012479245195,-0.7791373733765695,-0.7791373733765695,141.1816618373661
94,0.4403843967352511,-1.623132578679202,-0.023037548391156192,-0.43978140962527756,-67.85556030273438,0.3516151128894789,-0.54167184461043,-0.763517141355748,-0.763517141355748,139.77525014895645
95,0.4644149276530089,-0.45001481756769124,0.4181780826334112,-0.2020106834600423,-67.82202911376953,0.33821696360472747,-0.5226188958925267,-0.7826102319712379,-0.7826102319712379,141.5001909927779
96,0.453808047108163,0.35519299633936496,0.4254810709360769,0.15782142406914795,-67.8756103515625,0.342483490220725,-0.515315471877156,-0.7855921482361281,-0.7855921482361281,141.77547794567676
97,0.4715622380067798,1.3914661016614454,0.08411282968285602,0.4639999743498977,-67.92869567871094,0.3475699304407261,-0.5271252672596064,-0.7754573463898047,-0.7754573463898047,140.8465155909142
98,0.4182299554391304,1.9251832746991737,-0.1451322661477566,0.39224089657942823,-67.93482208251953,0.35541706424203157,-0.5243443939725073,-0.7737839924392205,-0.7737839924392205,140.69491484695
99,0.37281200110750845,1.8892917232481095,-0.11674159773520254,0.35406240626197105,-67.94252014160156,0.3529072611065059,-0.5282479561295315,-0.7722762212468265,-0.7722762212468265,140.55873386865744
100,0.38203333877043105,1.8521512179968134,-0.10607442942571588,0.36701183544143606,-67.93907928466797,0.3423351568823954,-0.5259483184366578,-0.7785788378166709,-0.7785788378166709,141.13063867467014
101,0.4527330446399294,2.517080693528888,-0.36727903675478213,0.2647136544823854,-67.96534729003906,0.35993461859223014,-0.5068758309303972,-0.7832777044940609,-0.7832777044940609,141.56166639338082
102,0.49885145724624524,-2.032512881362099,-0.22223112834956285,-0.4466162804793199,-67.9131088256836,0.3586549645614428,-0.5177347520165867,-0.7767350532515922,-0.7767350532515922,140.96260438411704
103,0.4118071994141271,-0.6002466643806726,0.3398217824656759,-0.23260766464404709,-67.91072845458984,0.3549800000621532,-0.5277575122204724,-0.7716613297624364,-0.7716613297624364,140.50331010542013
104,0.31473906858704925,0.22061219509871227,0.3071109478254989,0.06887341301813757,-67.88367462158203,0.35308166976458427,-0.5218985635184481,-0.7765019149194891,-0.7765019149194891,140.94140049002783
105,0.4092136894688588,-0.5746929496440434,0.34347729446934644,-0.2224391868190797,-67.92102813720703,0.3521384726102705,-0.5185695694232514,-0.7791560163252861,-0.7791560163252861,141.18336587588215
106,0.4636206305663352,-1.1289132580210808,0.19826384771484212,-0.41908893540158293,-67.9349136352539,0.35725586839858164,-0.5121503661853581,-0.7810699372725717,-0.7810699372725717,141.35864250174174
107,0.43212890904308227,-2.367070432748779,-0.3088664117131003,-0.3022200088449441,-67.91511535644531,0.3547054305794156,-0.5029038320463178,-0.7882079631864932,-0.7882079631864932,142.01835683164822
108,0.41607396501925525,2.3366792793500064,-0.28841151937244713,0.29989388099813075,-67.88726043701172,0.3601254498136356,-0.5168447694754452,-0.7766473747218879,-0.7766473747218879,140.95462890081393
109,0.38070411811743227,0.7935364248194322,0.2669987656262418,0.27138033220120245,-67.92388153076172,0.3572747592392052,-0.5266677459005611,-0.7713467649757728,-0.7713467649757728,140.47498168032706
110,0.3441603373739806,2.9646541189106146,-0.3387870219772604,0.060577979176854764,-67.91365814208984,-0.3568355371345421,0.5156911376661865,0.7789294255389619,0.7789294255389619,38.83734114145276
111,0.43914891136374734,-0.6249670445331615,0.3561420386303111,-0.2569330937660823,-67.92756652832031,0.3424839837247265,-0.5336624176433429,-0.7732458502230088,-0.7732458502230088,140.64626488041966
112,0.5117323063409456,-1.7690613520787752,-0.1007952173986623,-0.5017073624161597,-67.8856430053711,0.3639464769007699,-0.5146819201936462,-0.7763024429803752,-0.7763024429803752,140.9232662224377
113,0.32095227458088327,2.5983498025651603,-0.27474699274614467,0.16590495030466273,-67.85842895507812,0.3667509569776273,-0.5175117157726865,-0.7730946640573876,-0.7730946640573876,140.63260617711182
114,0.3816614565199768,0.9135526034446998,0.23317113909534481,0.30215341680333435,-67.94944763183594,0.36647623875166163,-0.5194120317243784,-0.7719496795325382,-0.7719496795325382,140.52929264854666
115,0.48895774494752137,-0.2344237239042027,0.47558394955820266,-0.11357633233551043,-67.94939422607422,0.3506658793726597,-0.5072481126594043,-0.7872310926578495,-0.7872310926578495,141.92750050081398
116,0.3828123087762195,-0.4415599237212917,0.3460952986124261,-0.16359495111083114,-67.94355773925781,0.34682158147447056,-0.5163773973326515,-0.7829873397108693,-0.7829873397108693,141.53491308028586
117,0.35684538940074473,-1.3594703932055987,0.07485064715176863,-0.34890688235907663,-67.9455795288086,0.3588328023134002,-0.5161553380519988,-0.7777034698291756,-0.7777034698291756,141.05078553472697
118,0.4765868246060288,-1.0993955288412176,0.21643463733517654,-0.4246069348817189,-67.94654846191406,0.36612580964377694,-0.5212489032208117,-0.7708770799574921,-0.7708770799574921,140.43271532457612
119,0.4485154065880896,-0.2153869609320161,0.438151903728536,-0.09585916339056494,-67.92915344238281,0.3485794526775092,-0.5095704841332747,-0.786657668157648,-0.786657668157648,141.87425327883494
120,0.42029987181765815,1.7354065212017622,-0.06887361833144132,0.4146183871319202,-67.90562438964844,0.3557922439142018,-0.5199431500657375,-0.7765764610585458,-0.7765764610585458,140.94817939750934
121,0.3613745253949612,-2.6112192362691884,-0.31172825543577376,-0.18280328872151735,-67.91761779785156,0.361837394319273,-0.5088956148224257,-0.7810883133722744,-0.7810883133722744,141.36032863065992
122,0.35985048591801816,-0.7527211501538246,0.26263015542623463,-0.24600360500656412,-67.93669128417969,0.3699856655042331,-0.5164115038597457,-0.7722886545862925,-0.7722886545862925,140.55985523029346
123,0.41145942807973834,0.9978753433531052,0.2230475977887359,0.3457580513543823,-67.96808624267578,0.355658553207627,-0.512516891836048,-0.7815583337876799,-0.7815583337876799,141.4034772400279
124,0.4810297242407451,2.5954633313793245,-0.4110597584545353,0.24983888925150616,-67.92218017578125,0.3661583838261241,-0.5021422784171719,-0.7834418741552257,-0.7834418741552257,141.57679944529087
125,0.4605861337481655,2.4439470609054497,-0.3529733233538684,0.29588751173648487,-68.00489807128906,0.3733618155703216,-0.5102611824196831,-0.7747480108975435,-0.7747480108975435,140.78219195755304
126,0.40887845688865165,2.4069812752656414,-0.3034251464657091,0.27407074451664476,-67.94914245605469,0.3677579126483141,-0.517449743629627,-0.7726576735541997,-0.7726576735541997,140.59314917144314
127,0.36199722749103747,2.693583622449023,-0.32627219892731524,0.15680703083195083,-67.98026275634766,0.3636581510793907,-0.5183051897251542,-0.7740235651822825,-0.7740235651822825,140.71658931116613
128,0.3829397945013507,1.7558760191078377,-0.07047044414214697,0.3763997910668193,-67.89595031738281,0.36429523994200164,-0.5194002663900847,-0.7729892246529111,-0.7729892246529111,140.6230827497522
129,0.4546535049209208,0.9815474980525284,0.2526676326717646,0.37797999541896926,-67.88313293457031,0.3679354222127137,-0.5325125449196317,-0.7622689253697604,-0.7622689253697604,139.66463169510604
130,0.49986183583435906,3.0086267313713013,-0.4954495795348968,0.0662689147518629,-67.91009521484375,-0.36488207355620983,0.5066922965695492,0.7811043393775231,0.7811043393775231,38.63820082648898
131,0.42320155497799933,0.7044965377988348,0.32245322610690275,0.2740866160706269,-67.86211395263672,0.35962589349906254,-0.5175408240430301,-0.7764152962003404,-0.7764152962003404,140.93352499488844
132,0.383898541726671,2.0336704971017947,-0.17141902072922574,0.3435019791385456,-67.8874740600586,0.3695277213600884,-0.5143526235142082,-0.7738802503168511,-0.7738802503168511,140.70362222090955
133,0.3547544705133618,2.300752915302593,-0.2365635080447702,0.2643642203679757,-67.95761108398438,0.36675455622004915,-0.5115917131949973,-0.7770231749967581,-0.7770231749967581,140.9888223887622
134,0.38883835628764923,-2.6278669008678817,-0.3386469561316097,-0.1910850764012628,-67.95177459716797,0.35411608501907865,-0.5203663773515215,-0.7770589627903501,-0.7770589627903501,140.9920799784938
135,0.45898631721910343,-1.574154781719035,-0.0015414819593872183,-0.45898372871783194,-67.95694732666016,0.37116537851325004,-0.5149557199368611,-0.7726945504514866,-0.7726945504514866,140.5964776040858
136,0.4781016156653402,-2.366595602481879,-0.34156683715471126,-0.3345343788879338,-67.9453125,0.3549045573908623,-0.5184198887346732,-0.7779997262901353,-0.7779997262901353,141.0777953202433
137,0.4660226954309784,-2.484730652916615,-0.3690491041572178,-0.2845696951144121,-67.98329162597656,0.36198003718046234,-0.519416534142472,-0.7740651889487431,-0.7740651889487431,140.72035609061868
138,0.42867665841034414,-2.387327078672727,-0.3124086773738805,-0.29353789494264876,-67.99241638183594,0.35623469153966725,-0.5190271794166812,-0.7769862492801288,-0.7769862492801288,140.9854614590306
139,0.4145327956755553,-2.7758010652463447,-0.38710768381289096,-0.14827366530712902,-67.90938568115234,0.3668277991385199,-0.5253311473412663,-0.7677659483281989,-0.7677659483281989,140.15369464677877
140,0.3858308493840478,-2.251147819099257,-0.24271318330334804,-0.2999262492466626,-67.8952865600586,0.3655094168634375,-0.5052373555685717,-0.7817532096014872,-0.7817532096014872,141.42137908643298
141,0.36414649917563363,-0.9732102656042381,0.20488648902278542,-0.3010385348718429,-67.97109985351562,0.36626435987923583,-0.5181546281788105,-0.7728946888025122,-0.7728946888025122,140.61454578544712
142,0.485786846860573,2.7279210028658287,-0.44481125584652803,0.1952736727133804,-67.9630126953125,-0.35635866331957744,0.5172747285767241,0.7780972678611334,0.7780972678611334,38.91330833643387
143,0.4761748259195345,-1.0836293876934022,0.22290900711754785,-0.4207778979287861,-67.93699645996094,0.36725433537051394,-0.5286197078752618,-0.7653008935036174,-0.7653008935036174,139.93376826348427
144,0.42152479227963485,-1.423764466368565,0.0617545066775592,-0.4169766557151618,-67.99626922607422,0.3733407225854386,-0.5144115265327689,-0.772008734555257,-0.772008734555257,140.53461572786594
145,0.32283442163920323,-0.524919798012647,0.2793693307140957,-0.16178640502674216,-67.88705444335938,0.3663927070123017,-0.5247045868713681,-0.7684019005470669,-0.7684019005470669,140.21059701606097
146,0.45631782008704797,-0.7866711971729671,0.3222543996284195,-0.3230759273748547,-67.96923065185547,0.36597194861149707,-0.5315997086667178,-0.763849646576448,-0.763849646576448,139.80475977409634
147,0.4746278300239368,2.8603436321925644,-0.4559794722135668,0.13173571251968136,-67.91905212402344,-0.35273262353274276,0.5291862182060878,0.7717134460124737,0.7717134460124737,39.49199487623101
148,0.4416924174235203,-1.088970138988293,0.20467948176442025,-0.3914058013802065,-67.88922882080078,0.3593017185104075,-0.5366578954388082,-0.7634792586171921,-0.7634792586171921,139.77188922053037
149,0.3881514816351859,-2.2318826191551007,-0.23831517108611883,-0.3063779560049711,-67.90266418457031,0.37925380544608395,-0.525878414473749,-0.7613267657486108,-0.7613267657486108,139.58130264388373
150,0.39290973847647154,2.2644009721208107,-0.2511923465153446,0.30212657553046257,-67.94336700439453,0.3708015244502073,-0.5202897614664569,-0.7692884982752438,-0.7692884982752438,140.29003954483684
151,0.37869017455573695,0.09533183552707834,0.37697067916816107,0.036046571994433396,-67.99678802490234,0.37905428355572235,-0.5154964587064822,-0.7684928439348895,-0.7684928439348895,140.21873979858483
152,0.38375424350610243,-1.9149994656010823,-0.12949658905328496,-0.36124500388587466,-67.9832534790039,0.3808941023990652,-0.5175916619223174,-0.766171360901792,-0.766171360901792,140.01131432686546
153,0.38997909697928906,2.3049550155484564,-0.2612714908085817,0.2895184004021903,-67.95258331298828,0.38589310802911697,-0.517245441080323,-0.763900296411286,-0.763900296411286,139.80925649316424
154,0.4109878304775187,0.9551418846248599,0.237342566285358,0.3355286918129329,-67.94093322753906,0.3720129475239936,-0.532679799127408,-0.7601701115382627,-0.7601701115382627,139.47919684127152
155,0.46896545584939686,-0.5921349577207142,0.38912454611270797,-0.26174546107356206,-67.90277099609375,0.37328715250998307,-0.5132944707518468,-0.7727777740505806,-0.7727777740505806,140.6039900594976
156,0.4749892156848932,-2.358328043093246,-0.336583922763318,-0.33515073915211163,-67.9119873046875,0.3646723568412958,-0.520644648967744,-0.7719735887043477,-0.7719735887043477,140.5314476920821
157,0.45461053158710923,1.960791381606122,-0.17283557817995304,0.4204742540811689,-67.9334945678711,0.3837136407909165,-0.504651046199598,-0.7733635389909657,-0.7733635389909657,140.65690005704892
158,0.45072912493475736,0.10699203358526102,0.44815177030198144,0.04813247177999651,-67.9239730834961,0.3780680395472759,-0.5043031844244262,-0.7763651561296803,-0.7763651561296803,140.92896679888477
159,0.4203869240628337,-2.1683824413047637,-0.23653009941053257,-0.34753226899937545,-67.9387435913086,0.3725717648027691,-0.5164570110229803,-0.7710139011956655,-0.7710139011956655,140.4450237963246
160,0.4171241524764623,1.8352710513853867,-0.10903720979037149,0.4026207215983021,-67.98290252685547,0.3712655345562326,-0.5218959828699758,-0.76797557637913,-0.76797557637913,140.17244380870517
161,0.40841937157427893,-0.17758739349760055,0.4019960608588234,-0.07214949848140369,-67.97152709960938,0.36717048639632577,-0.5160470571804746,-0.7738741943590429,-0.7738741943590429,140.70307435845513
162,0.3988906122611623,-2.8186410386521077,-0.3782690865713433,-0.1265947024743395,-67.93646240234375,0.38252665317398543,-0.5207922798569614,-0.7631833075041001,-0.7631833075041001,139.745640674881
163,0.41391229343592567,1.098273547320738,0.18838558755938858,0.3685569929567092,-67.97028350830078,0.38655038941193653,-0.5135783400521826,-0.7660392190186642,-0.7660392190186642,139.99953434471095
164,0.417538014134759,-1.2417910884886119,0.13490727622660906,-0.3951430374797405,-67.94409942626953,0.38698805243346757,-0.520381468523324,-0.7612117803156101,-0.7612117803156101,139.5711425336295
165,0.4368587504089615,1.9789241289386794,-0.17338556788280868,0.4009775712665676,-67.95964813232422,0.37634438509957857,-0.5125172236686468,-0.771810209343594,-0.771810209343594,140.51672352063844
166,0.4088013242441205,-1.3686745308367356,0.08206620494600256,-0.400479288739764,-67.89070129394531,0.3837954032811946,-0.5207493274217568,-0.7625753906401734,-0.7625753906401734,139.6917677044851
167,0.4555648216191764,1.9116762543937145,-0.15230284524141152,0.42935201179018906,-67.9547348022461,0.3863016476538482,-0.5135471513246365,-0.7661855913460348,-0.7661855913460348,140.0125830929274
168,0.42426624949428393,-1.6594929949810753,-0.037581681021908814,-0.4225984710236343,-67.9298095703125,0.3866055453081165,-0.5076632317095588,-0.7699442807809023,-0.7699442807809023,140.3488855798032
169,0.45390436292108927,-1.7811516555099607,-0.094778594022114,-0.44389884973267413,-67.90815734863281,-0.375930136291492,0.5054538343444893,0.7766549774348414,0.7766549774348414,39.04467958943707
170,0.41806710499161465,-1.7988044527001827,-0.09449890666162997,-0.4072469286757437,-67.99176025390625,0.3768879498368308,-0.5042829501923751,-0.7769518514123415,-0.7769518514123415,140.98233082964842
171,0.44654175150993564,-1.9510896041629726,-0.16575308742593536,-0.4146389391390193,-67.91461944580078,-0.37500075059446125,0.5264422270972877,0.763041950735632,0.763041950735632,40.26689155241622
172,0.4411714993248216,-2.6609059061664855,-0.3911768809077836,-0.20399249902819658,-67.95939636230469,0.3761795955351613,-0.5239960074921692,-0.7641446826585062,-0.7641446826585062,139.83095910695607
173,0.467365003908986,-2.4105767217892713,-0.3479516207741009,-0.31202518564936826,-67.9094009399414,-0.39351352815573604,0.5190202102327085,0.7587918848593599,0.7587918848593599,40.642191425759215
174,0.4338190292247757,1.4718642055790434,0.04284865955071898,0.4316977443677849,-67.92131042480469,-0.3913768783035266,0.51971760979937,0.759419347392346,0.759419347392346,40.58696445518692
175,0.4504868593051518,-1.0071577232633742,0.24067958724658248,-0.38080407913969927,-67.9050064086914,-0.3748545581982194,0.5323197075322802,0.7590255523832946,0.7590255523832946,40.621632112807085
176,0.41771823840327454,3.1189965669545123,-0.41761160299750927,0.009437994309471691,-67.9782943725586,-0.37532284889416,0.5278734242854969,0.7618939604899592,0.7618939604899592,40.36854904804931
177,0.4412337567724989,1.01022118493672,0.23459225250423513,0.3737026935687805,-67.91899871826172,-0.3793663527483977,0.5227378324780578,0.7634306313598639,0.7634306313598639,40.23242461206114
178,0.4299513710889477,-0.8392071914102865,0.2872302927659118,-0.3199327123300689,-67.99308776855469,-0.39566746997777835,0.5211780942039179,0.7561882353775125,0.7561882353775125,40.870696257989835
179,0.37543888235510975,-2.2865819492341055,-0.24636691136971303,-0.28329789862651983,-67.96914672851562,-0.3880021926105683,0.5269229415130956,0.7561788890445028,0.7561788890445028,40.87151462372725
180,0.3769320849393858,2.8380246552208934,-0.3596972403067181,0.11267516129335421,-67.9439926147461,-0.37819042856039997,0.5272345556027186,0.760917684854088,0.760917684854088,40.45483411891276
181,0.41528475341011,1.730820193701089,-0.06617220709336993,0.4099788597272889,-67.97293090820312,-0.38789348173555216,0.531565647617483,0.7529784917911512,0.7529784917911512,41.1509530324099
182,0.4311736280043363,0.9443241177008372,0.2527930216622937,0.34929412489371886,-67.94624328613281,-0.38919267328443913,0.5160009286026962,0.7630675623710309,0.7630675623710309,40.26462114892761
183,0.44265646274284487,0.05133380913832442,0.4420733555146483,0.02271326379072309,-67.95664978027344,-0.3842209944485378,0.5284509118297288,0.7570428397464076,0.7570428397464076,40.79580983072381
184,0.4683200046563207,-0.9580301568911712,0.2693460790490797,-0.3831139732014262,-67.93737030029297,-0.3864389341174246,0.5263214018407193,0.7573973410057688,0.7573973410057688,40.76471265205402
185,0.42365299997910943,-1.9696094915788915,-0.1645150176121048,-0.39040578040211976,-67.90831756591797,-0.3871549046915229,0.523975880725287,0.7586569423602856,0.7586569423602856,40.65406047138056
186,0.4056850133621315,2.9949812438492627,-0.4013327372227075,0.05926520142513635,-67.90864562988281,-0.3743697657254136,0.534543049019443,0.7577011332020669,0.7577011332020669,40.73804813402229
187,0.3740827647040552,2.24240031660093,-0.23277016839150888,0.2928411916988765,-67.92292785644531,-0.37051615011140365,0.5355984514140294,0.7588491822157531,0.7588491822157531,40.63715089476837
188,0.38067652207210245,1.5368231184170162,0.01293031515782669,0.3804568587985124,-67.94141387939453,-0.38533369020038205,0.5311056450030119,0.7546156247007418,0.7546156247007418,41.00820476708879
189,0.3957656446623267,0.7018355567300144,0.3022297595152999,0.2555144182982852,-67.96910858154297,-0.39003021440834473,0.5310983536828459,0.7522040750780015,0.7522040750780015,41.21833592507891
190,0.4562630828701162,-0.210367618695019,0.4462044049880072,-0.09527659607396229,-67.89717102050781,-0.4043042625865546,0.5340846423700933,0.7424901736984484,0.7424901736984484,42.056025585360864
191,0.4705861902378199,-1.7490891089766605,-0.08345830924402659,-0.4631264115343391,-67.9731674194336,-0.38053300971726994,0.5339378620887105,0.755052970289935,0.755052970289935,40.970001587582274
192,0.4407591335415606,-2.7841705003292585,-0.412903959366128,-0.154204196246672,-67.91240692138672,-0.3969317683323066,0.5272534870939746,0.7512981642702398,0.7512981642702398,41.297045649087245
193,0.42526652463764086,1.6545789309684245,-0.03558826732562827,0.42377481308607384,-67.9373779296875,-0.3967687132196569,0.5331083045486043,0.7472416769903365,0.7472416769903365,41.64799496778941
194,0.41328499652315515,-0.041157465682148925,0.4129350065626885,-0.017004961223618352,-67.91770935058594,-0.38832437348922777,0.5295229341997767,0.7541946984106013,0.7541946984106013,41.04494603634103
195,0.41311499055112594,-1.9965437231777123,-0.17061714116387092,-0.3762363440167957,-67.94627380371094,-0.39806696136260766,0.5301405736190024,0.7486612494810022,0.7486612494810022,41.52545610927932
196,0.41033841133815363,2.350510224341048,-0.2884990873767183,0.2917976840249429,-67.90646362304688,-0.40020983533665727,0.5274598031403703,0.749411931964609,0.749411931964609,41.460536727336475
197,0.38954833222809915,1.0750946624115496,0.18528826571073656,0.34266041751506837,-67.94270324707031,-0.41082848690304186,0.5276594620217666,0.7435021496188542,0.7435021496188542,41.96939425467953
198,0.39429833859333735,-0.8944789821296937,0.24680127998588713,-0.3075065983272455,-67.89947509765625,-0.4151559985935666,0.5216060896623343,0.74536741547974,0.74536741547974,41.80933315357601
199,0.40544844698561305,3.0567285303178418,-0.40398931948911326,0.034366741215434676,-68.01058959960938,-0.40533308176588656,0.5129783357089341,0.7566758354272068,0.7566758354272068,40.82798319995479
200,0.42159952388697486,1.0405101976172004,0.21323668931285608,0.3636980517855662,-67.97061157226562,-0.4079080741938488,0.5178406842361772,0.7519654438584751,0.7519654438584751,41.239081273627384
201,0.4182307445731108,-1.007771168209707,0.2232293401840209,-0.3536744511371797,-67.9549560546875,-0.39821201561564623,0.5182315272571558,0.7568773181804567,0.7568773181804567,40.81032283990773
202,0.40312809650986614,2.825652885512575,-0.38317519214751433,0.1252558753846838,-67.89787292480469,-0.3958436403991181,0.5344346321976924,0.7467847322108901,0.7467847322108901,41.68737620650827
203,0.3820663000420148,0.18550973993096312,0.3755109432610925,0.07047119354005159,-67.93276977539062,-0.39791509412337955,0.5329750454031724,0.7467269774464215,0.7467269774464215,41.69235156798935
204,0.38518356462094866,-2.1113339573369596,-0.19821432518018617,-0.3302687689556249,-67.92765808105469,-0.40354480656968844,0.5292698082932723,0.7463411144509162,0.7463411144509162,41.72557981641519
205,0.43138855508531254,2.0389042147037855,-0.1946418812926865,0.38498132877509456,-67.86791229248047,-0.4030685611339851,0.5199878498310007,0.7530925381741024,0.7530925381741024,41.14102206533776
206,0.45380201433189893,-0.1825378271504727,0.44626262885546886,-0.08237678252211018,-68.02877044677734,-0.41102869834616584,0.5308477851984054,0.7411180999583025,0.7411180999583025,42.17325217753915
207,0.4583263593913817,-2.4035913271803255,-0.3390766075435308,-0.30836683662438213,-67.96835327148438,-0.4111888425919703,0.520359401224278,0.7484315795618106,0.7484315795618106,41.54530148208088
208,0.4785516862890032,2.0262687671192854,-0.21050849309802858,0.4297649250272127,-67.95008850097656,-0.38427440057592066,0.5287472368363565,0.7568087899859084,0.7568087899859084,40.816330178356615
209,0.45667559909782185,0.5657852443805497,0.38551088504077013,0.24481413424562853,-67.94322967529297,-0.39265065718349645,0.5283899456491224,0.7527479835577681,0.7527479835577681,41.17101929045638
210,0.3787498625140213,-1.3291426373498463,0.09063809632991056,-0.3677447400685425,-67.92135620117188,-0.4076314638423275,0.5262200557372432,0.7462767868731105,0.7462767868731105,41.73111722691132
211,0.3736837198135404,-2.936434227992724,-0.3658470946353614,-0.07612769404460835,-67.88824462890625,-0.4117366289072192,0.5313779910210356,0.7403447704107642,0.7403447704107642,42.23920699611637
212,0.3889063325956748,1.5139094932273442,0.02211171931216223,0.388277230084482,-67.9656982421875,-0.4059117211701252,0.524209538320831,0.7486254300717868,0.7486254300717868,41.5285517120989
213,0.41939010242442465,-0.6788352494885252,0.3264132367423341,-0.2633295594705661,-67.93106079101562,-0.40617374018830105,0.5244366095427557,0.7483242180717832,0.7483242180717832,41.55457573891348
214,0.4486999379806499,-2.221931563700869,-0.2719524373993959,-0.3568942506350679,-67.9591293334961,-0.4045376147043571,0.5395258005332214,0.7384180583167613,0.7384180583167613,42.40316779880367
215,0.46153049483200104,2.3747279649167816,-0.33234337316822005,0.320247216960649,-67.906494140625,-0.4076293341870037,0.5274395142376808,0.7454165846900508,0.7454165846900508,41.805107116012536
216,0.45979938621937705,0.6640444996678876,0.3620947874103575,0.2833775582115914,-67.91557312011719,-0.405553380551787,0.5150148619241339,0.755172925574191,0.755172925574191,40.95951808098217
217,0.44374202735606005,-1.3414773825302804,0.10086893035264573,-0.43212549766425434,-67.95184326171875,-0.3955173962265697,0.5103571471799274,0.7636108770863081,0.7636108770863081,40.21643268453416
218,0.43060948096992735,3.0789520608812175,-0.4297649349967804,0.026955996520316352,-68.040771484375,-0.3984200422928155,0.5208709109757529,0.7549536171174229,0.7549536171174229,40.978682897949675
219,0.4063261742116198,0.6188658374986085,0.3309676710088777,0.23571457442511035,-67.9751205444336,-0.38970833475611966,0.5336046407194274,0.750595431124053,0.750595431124053,41.358017675733926
220,0.399148864122678,-1.466282254566283,0.0416407681494151,-0.3969708580719128,-67.96027374267578,-0.3985463916454963,0.5249433842050009,0.7520606472125474,0.7520606472125474,41.23080582021624
221,0.39165299726593883,2.223956306523779,-0.2380071303527665,0.31103806225064273,-67.95011138916016,-0.39755630479110055,0.5229262653683964,0.7539874703923848,0.7539874703923848,41.06302434958432
222,0.35538037481349766,0.46821724813642285,0.3171322971604611,0.16038178481458262,-67.96653747558594,-0.3921708149002275,0.5239507835424072,0.7560936637519119,0.7560936637519119,40.8789763347786
223,0.3788530816203084,-1.3068408247501437,0.0988431813083793,-0.36573170899177293,-67.92284393310547,-0.38416260008939906,0.5252439369255616,0.7593009307352976,0.7593009307352976,40.59739181293939
224,0.47185478991171026,-2.9959875756810437,-0.4668617619871831,-0.0684619453188925,-67.94388580322266,-0.39724997487059405,0.5270201788586351,0.751293676627938,0.751293676627938,41.29743524971052
225,0.46453047124735725,1.2990459721998209,0.12468832518792246,0.4474833854783021,-67.96639251708984,-0.40098842293321774,0.521093712367524,0.7534385360495992,0.7534385360495992,41.11088108775176
226,0.4442016908541134,-1.2853057809111825,0.12509971175889156,-0.4262220128940968,-67.87507629394531,-0.4011791258588191,0.5115340738177531,0.7598606453150258,0.7598606453150258,40.54808577222302
227,0.4303304772023733,3.0989777287642055,-0.42993978941345984,0.018332950889916683,-67.90497589111328,-0.4027616125939712,0.5109858861053225,0.7593921961818296,0.7593921961818296,40.58935549177147
228,0.46341724625346514,0.5948838411055023,0.38380846643785843,0.25970484249579184,-67.8419189453125,-0.3849639380563028,0.5168906651981896,0.7646089239782363,0.7646089239782363,40.127787299821335
229,0.4660848161150267,-1.372615383616682,0.0917656712537599,-0.45696183362762927,-67.86650085449219,-0.399538809534619,0.5237281192453848,0.7523812841819975,0.7523812841819975,41.2029247439567
230,0.46848734392079067,2.531897174205439,-0.38407643261914026,0.2682642080496617,-67.95157623291016,-0.38833725108004313,0.5135957482000764,0.7651232494535762,0.7651232494535762,40.08204192251092
231,0.4132355123419765,0.7463111327828651,0.3033968353461825,0.2805600630211955,-67.95536804199219,-0.390069868823438,0.5112188075512546,0.7658334206875144,0.7658334206875144,40.01880610400673
232,0.40624416095217963,-0.6556380702113338,0.3220131230068157,-0.24767290307810783,-68.00768280029297,-0.3959463138622042,0.524917963379807,0.7534504948967308,0.7534504948967308,41.10983898966393
233,0.39016833618588315,-2.858858994123672,-0.37467724320467144,-0.1088498690243027,-67.8713150024414,-0.387790451309308,0.5194622747408486,0.761431225387025,0.761431225387025,40.40946547056701
234,0.38414399060800813,1.385025485134618,0.07095299579874936,0.37753447247559807,-67.90446472167969,-0.37803477447217154,0.519912024363538,0.7660164464370085,0.7660164464370085,40.00249545894159
235,0.3956402318111831,-0.25173551429825597,0.3831702806264452,-0.09854810537122434,-67.90730285644531,-0.38675822673589366,0.520293484544998,0.7613887075549065,0.7613887075549065,40.413223302666196
236,0.41651054802694315,-1.760080827066301,-0.07836905152748244,-0.4090712998737351,-67.97578430175781,-0.38628863646180867,0.5298826094460908,0.7549870923049469,0.7549870923049469,40.97575806246389
237,0.42796991584561433,2.654998636627358,-0.3782957393576148,0.20012641617931848,-67.9769058227539,-0.39410725467823116,0.5173598813962967,0.7596171568175627,0.7596171568175627,40.56954110466315
238,0.4264915295452417,0.39570312227824245,0.39353472457975075,0.16439417667234915,-68.0265884399414,-0.37547257640067644,0.5263974785230819,0.7628407690832862,0.7628407690832862,40.28472207962707
239,0.42592233943596514,-2.1167419185326435,-0.22115014850395467,-0.3640088612208284,-67.93213653564453,-0.3779665446447675,0.5298918106802848,0.7591811115295641,0.7591811115295641,40.60794042094707
240,0.46075879871617537,1.8748033589284203,-0.1379262517320869,0.439630549072184,-67.9880142211914,-0.4032199496923831,0.5206654324894076,0.7525431413418704,0.7525431413418704,41.188844523006495
241,0.4608930082824378,-0.6694953778991476,0.36140230647519767,-0.2860257645004075,-67.91780090332031,-0.3942452540002656,0.5194140165889451,0.7581423079272157,0.7581423079272157,40.69929956935556
242,0.4759877965136891,2.921144525509186,-0.46446868074817577,0.10408278932660438,-67.88140869140625,-0.38285426356629537,0.5109101294418028,0.7696710027686311,0.7696710027686311,39.675645623756886
243,0.4553629640886414,0.31996823025502863,0.4322512041383877,0.14322822900708926,-67.91913604736328,-0.37863975363322955,0.5228724786147907,0.7636990952435341,0.7636990952435341,40.20860378755296
244,0.46975171771972013,-2.49071040596704,-0.37371077446929263,-0.28461716980215573,-67.83627319335938,-0.3835570376650305,0.5284527185227127,0.7573781903009759,0.7573781903009759,40.766393069749206
245,0.4464644389695746,1.096587411453523,0.20387119904530768,0.39719897968681334,-67.92381286621094,-0.3864070127710445,0.5231341652276149,0.7596185000728751,0.7596185000728751,40.56942276757045
246,0.43752494570002204,-1.2385720587436613,0.14269721956959874,-0.4136007514946182,-67.91400909423828,-0.37380934919886744,0.5204383231005949,0.7677307615953396,0.7677307615953396,39.849451738896995
247,0.4427399138517789,2.6710798133402953,-0.3946299851780689,0.2007132434988726,-67.89781951904297,-0.37813048115804176,0.523728592420733,0.7633647232484521,0.7633647232484521,40.23827085510917
248,0.4267198072591983,0.18023237982826007,0.41980782685946133,0.0764930220011203,-67.93597412109375,-0.39363406208461693,0.5295370458872527,0.751427136986525,0.751427136986525,41.28584742234556
249,0.4555163647539124,-2.5022915989812375,-0.365557790274894,-0.2717768579698352,-67.96369171142578,-0.3982202692421562,0.5311048875745181,0.7478958587658868,0.7478958587658868,41.59156205368747
250,0.4363218826139604,1.4951389967786624,0.03297946505943424,0.43507371804348766,-67.94639587402344,-0.39451886893744736,0.5216852734366039,0.7564385880768466,0.7564385880768466,40.84877032404706
251,0.45443414204582894,-1.0792098916564483,0.21450430280384875,-0.4006223827191429,-67.9776382446289,-0.39191619460912475,0.5133523474266611,0.7634599293968476,0.7634599293968476,40.22982556374666
252,0.45090281733678295,3.0646102023173976,-0.44956738485838726,0.03467732910474709,-68.0257339477539,-0.3948785352654171,0.5163674360487666,0.7598918432086648,0.7598918432086648,40.54533604712611
253,0.40944866032345834,0.9597281584885836,0.23491816152275666,0.33535304207274275,-67.9606704711914,-0.38829265416174324,0.5224913482046785,0.7590992068071778,0.7590992068071778,40.61514982153131
254,0.39321356395348456,-0.9194054285604674,0.23840266732198787,-0.3126996563649578,-67.99378967285156,-0.38789761664100736,0.5270332647441124,0.7561556565002927,0.7561556565002927,40.87354880881806
255,0.38851490010199335,-2.967097426978566,-0.3826150288409739,-0.06745048040068016,-67.94877624511719,-0.3896087027360901,0.5271990158614439,0.7551597555663478,0.7551597555663478,40.960669183392426
256,0.37792093037727253,1.4304929227247214,0.052849802172772964,0.3742073329419428,-67.91690063476562,-0.40468040752227963,0.5208614112177515,0.7516230159274355,0.7516230159274355,41.268835204910275
257,0.4006035426489748,-0.9684998096205595,0.22695648094130577,-0.33011203271260453,-67.88221740722656,-0.4010096510363827,0.5149040276040783,0.7576708402286426,0.7576708402286426,40.740707662383606
258,0.4212081050886418,-3.1367056407370937,-0.42120307526425843,-0.002058441229617426,-67.94535827636719,-0.38893139482439254,0.514333307858841,0.7643255972077182,0.7643255972077182,40.15296858074936
259,0.4247970405826627,0.8259221940940394,0.28796111267756375,0.31229941286093993,-67.92742919921875,-0.39094866051565924,0.5059712878351789,0.7688642277589863,0.7688642277589863,39.74799323269953
260,0.4538185323890119,-1.4897830181309077,0.03672513792470845,-0.45233010576804167,-67.98538970947266,-0.3924429332324706,0.5086569348382548,0.7663267363186843,0.7663267363186843,39.97483080869526
261,0.45322798337596815,2.2030405408969354,-0.26783809506446776,0.3656205133020903,-67.98113250732422,-0.378018500219982,0.5284091048004758,0.7601880237516213,0.7601880237516213,40.51922354857522
262,0.4532996043090502,2.601235751478961,-0.3887158023497633,0.2331963899169995,-67.874755859375,0.39010211306531434,-0.5232388862377716,-0.7576552047670716,-0.7576552047670716,139.2579197006604
263,0.4720024451502568,2.465442220229101,-0.36815602226205857,0.2953767958049512,-67.95855712890625,-0.38525908781335205,0.5212611756243516,0.7614868495541751,0.7614868495541751,40.40454883071775
264,0.46634837401319007,-0.05332746683108902,0.4656854260264813,-0.024857391884122337,-67.96822357177734,-0.39381958218582686,0.5265216223170012,0.7534461612614759,0.7534461612614759,41.110216626652694
265,0.4529488083047398,3.072473532041754,-0.4518672681782465,0.03128250139954583,-67.89962005615234,-0.3984921016617468,0.5103507003504735,0.7620670623803297,0.7620670623803297,40.35323402549942
266,0.39232702952445775,0.7320633613559414,0.2918115985344915,0.26223365355390504,-67.98316955566406,-0.4106867031048655,0.5074085739758515,0.7575440389499802,0.7575440389499802,40.75183844457864
267,0.376549411224875,-1.6867980593128111,-0.043582486503796376,-0.37401875081865404,-67.9168472290039,-0.39126654379574705,0.5110042495721945,0.7653660226488299,0.7653660226488299,40.06043399233434
268,0.3887234754440867,3.130768024149575,-0.38870070179581984,0.004207705403973903,-67.96416473388672,-0.40441926126390987,0.5121643711787892,0.7577154597959508,0.7577154597959508,40.736790301239374
269,0.4325386009762665,1.5148268086315728,0.02419633960890659,0.4318612954225423,-67.92984008789062,-0.41591626408889265,0.5133130305956947,0.7506819525518128,0.7506819525518128,41.3505147004437
270,0.44690364894279,-0.3937491206336356,0.41270532626388406,-0.17145607341765853,-67.91807556152344,-0.41150771752376225,0.5097536951869239,0.7555213886195812,0.7555213886195812,40.92905156856147
271,0.457509789574868,-1.5990417818384661,-0.012920853978279696,-0.4573272997420031,-67.87444305419922,-0.3833288999940562,0.5180897217201781,0.7646188558211571,0.7646188558211571,40.1269043475827
272,0.4492295897740836,-2.895271710390063,-0.4356700777739502,-0.10953906910792888,-67.97083282470703,-0.40246331458081164,0.5230323905620683,0.7513057958245463,0.7513057958245463,41.29638309864483
273,0.4102016150802424,1.9055215801549077,-0.1347552029090279,0.38743567247142596,-68.0146713256836,-0.4068203691200584,0.5208037215703286,0.7505069425844875,0.7505069425844875,41.36569008097556
274,0.37871634235167295,0.5459203293897072,0.3236698512822477,0.1966313691534421,-67.9500732421875,-0.4107076492184004,0.5176703729622705,0.7505575339909654,0.7505575339909654,41.361303692272784
275,0.3978935175421469,-0.7629286979805787,0.28760350721969763,-0.27496085891812333,-67.87106323242188,-0.41177221061973657,0.5205915094944681,0.747949280903195,0.747949280903195,41.586950833974214
276,0.4471849709961518,-2.151746509130074,-0.24542337664924307,-0.37382049767089137,-67.97209930419922,-0.39203628021069375,0.5309870565057873,0.7512391768417581,0.7512391768417581,41.30216648030964
277,0.4677622418244891,2.7785562368866237,-0.4372748364945929,0.16610909741883148,-67.89595031738281,-0.40058922349582726,0.5224982679255928,0.7526777757007083,0.7526777757007083,41.17712944525547
278,0.4286990163708511,1.5688379870977354,0.0008395377652750207,0.4286981943205219,-67.92825317382812,-0.40226845299037,0.5355718797472769,0.7425246483132415,0.7425246483132415,42.053076737470995
279,0.4282251148052681,0.7072853098401753,0.3255061596365191,0.2782489694296638,-67.87982177734375,-0.40744731549139185,0.515897187955476,0.7535494519661536,0.7535494519661536,41.10121500267251
280,0.39185746379124764,-0.30886161542653956,0.37331485747114324,-0.11911460498280198,-67.94575500488281,-0.4081077087745626,0.5198051693105279,0.7505002891384055,0.7505002891384055,41.36626692133682
281,0.3691881834070956,-2.058074935854531,-0.17286238985324215,-0.32621849877291903,-67.9752426147461,-0.4061461989326029,0.5171003809889851,0.7534271438391672,0.7534271438391672,41.1118737887219
282,0.37278086698058394,-2.8415073348223814,-0.3561217642977664,-0.11019466312050662,-67.92044067382812,-0.39557549216425303,0.5295547440943709,0.7503944316199012,0.7503944316199012,41.37544366778164
283,0.41456359000366594,2.0734854285062747,-0.1997299848800797,0.363277997264534,-67.94268798828125,-0.40134783087316134,0.5294337056896119,0.7474087703079044,0.7474087703079044,41.63358662933351
284,0.49079459733807446,0.8807811381950393,0.3124147592434233,0.3785186322799929,-67.90335083007812,-0.42417438022059956,0.5156289342691063,0.7444480487643016,0.7444480487643016,41.88828761781206
285,0.41445701688389913,-0.5478524460363009,0.3537991826875376,-0.21587208521235685,-67.90773010253906,-0.416366790277093,0.5212163388302292,0.7449645790846455,0.7449645790846455,41.843943369234545
286,0.3321277026145066,-1.432436415166674,0.04580668273892774,-0.32895373331282524,-67.8872299194336,-0.4021051160011752,0.5234411201574365,0.751212932139756,0.751212932139756,41.304444674428666
287,0.41472355503719704,-2.7445088222104492,-0.3824550289916949,-0.1603863395107351,-67.96084594726562,-0.3996100424610612,0.5427007177529981,0.7387744885380448,0.7387744885380448,42.37287482450346
288,0.44568653274544706,-3.140590769734689,-0.44568630906179973,-0.00044652606689342725,-67.9139175415039,-0.40536077798499753,0.5237262535977193,0.7492619374850795,0.7492619374850795,41.47351497346884
289,0.46472276025407244,2.436331807763801,-0.3538596552322372,0.30124838306136403,-67.95185852050781,-0.3924614925445405,0.5366632216109315,0.7469715948012265,0.7469715948012265,41.67127535333267
290,0.4551453961120012,1.400354496750914,0.07720075781037267,0.4485503033054985,-67.91832733154297,-0.4067512640183866,0.5358772618999321,0.7398573980153719,0.7398573980153719,42.28073051314537
291,0.3917407362352496,0.37572145251820854,0.3644141292253419,0.14374681508496537,-67.87169647216797,-0.4062713091295763,0.5264009274324412,0.7468906794012133,0.7468906794012133,41.67824798251856
292,0.3834757601796535,-1.1046495378646528,0.17235223362338775,-0.3425614780012375,-67.89483642578125,-0.4072055789091268,0.5317513846544374,0.7425793435205236,0.7425793435205236,42.04839793976843
293,0.36818025440299934,-2.9968493617705714,-0.3643301808382873,-0.05310573474304056,-67.9815673828125,-0.4106064998448143,0.5267113691821701,0.7442966047614583,0.7442966047614583,41.901281866949
294,0.42323335296072256,1.6819918352676315,-0.04696472599481997,0.42061952590269397,-67.97628784179688,-0.41299116942007374,0.525236792393988,0.744019224144588,0.744019224144588,41.925073259455786
295,0.42880266287979324,-1.0050386987074775,0.229862045718449,-0.3619877948645938,-67.91944122314453,-0.40497039737306584,0.5324571685306254,0.7432955945866022,0.7432955945866022,41.987088447667524
296,0.4571728805918755,2.482446190879568,-0.3614021393729852,0.2799920291817298,-67.93067932128906,-0.4029715794037085,0.5196247002347909,0.753395033895754,0.753395033895754,41.11467169734655
297,0.49521178012827016,-0.7792965549255261,0.35229766195316253,-0.3480245171825476,-67.89839935302734,-0.4089637944265827,0.5298883880526875,0.7429447563952091,0.7429447563952091,42.01712851187326
298,0.4699719545566698,2.7441100475920712,-0.4333321861391577,0.18192540923596928,-67.9238052368164,-0.41619933092270844,0.5214571180701086,0.7448896501855203,0.7448896501855203,41.85037840836748
299,0.48368789202472673,0.249514503917161,0.46870924909912814,0.1194387571111452,-67.90821838378906,-0.4077919859452096,0.5290404525386779,0.7441921094559744,0.7441921094559744,41.9102458935949
300,0.4614342908354109,3.1212282051998916,-0.4613386132597111,0.009396205318386178,-68.00082397460938,-0.42094580984158364,0.521188213864186,0.7424065401825828,0.7424065401825828,42.06317862889399
301,0.4592636313201424,-0.05614476242241452,0.4585399681498373,-0.025771702747585935,-67.89338684082031,-0.41388828516404985,0.5306903522305528,0.7396379096918801,0.7396379096918801,42.29941983770931
302,0.3793263572200821,-2.4574389470740066,-0.2939605524659574,-0.23974085775221218,-67.92137145996094,-0.40332741003510264,0.5253320595806199,0.7492350949409406,0.7492350949409406,41.47583716905678
303,0.37516285445818853,1.807655360365192,-0.08803215848034877,0.3646882318344077,-67.91008758544922,-0.41698869769874386,0.5236667600264553,0.7428953832370346,0.7428953832370346,42.021354621111925
304,0.34208705796950245,-1.6958262434483364,-0.04265976697790333,-0.3394167048211103,-67.93526458740234,-0.40973836805532127,0.5182143057194172,0.7507119308303982,0.7507119308303982,41.347914780148976
305,0.3748496213866639,1.7402397757927421,-0.0632123140976219,0.3694813148186913,-67.97054290771484,-0.41875993544420087,0.5330445632264224,0.7351895062373521,0.7351895062373521,42.67676844039184
306,0.37331629997114374,-1.5083477240519096,0.02329793143429179,-0.37258860183187037,-67.98971557617188,-0.41308232045783205,0.5207574637611766,0.7471108756149919,0.7471108756149919,41.65927103543303
307,0.4843587681487424,1.9989145117277876,-0.2010861730079168,0.4406447177802059,-67.8860092163086,-0.4025603331528943,0.5361687220370366,0.7419354956335502,0.7419354956335502,42.10344786556283
308,0.47987360968646237,-1.2659009532089438,0.1440548789353147,-0.45774105466786247,-67.96015930175781,-0.4239794508196543,0.5243499493915192,0.7384433328670356,0.7384433328670356,42.401020294763384
309,0.47350742571267135,2.137521859072276,-0.2542130600528338,0.39948091606936037,-67.88594055175781,-0.40063487631767575,0.5370133702826703,0.7423667126262925,0.7423667126262925,42.06658466953605
310,0.4803400169938278,-2.319997157293507,-0.3271373933783198,-0.3517209942259194,-67.9537124633789,-0.3986959058412309,0.5328785773741905,0.7463792577779069,0.7463792577779069,41.72229610048431
311,0.46572326085509924,-0.7553867925058468,0.3390495257972895,-0.3192860390905621,-67.97019958496094,-0.40975398463340534,0.5381233999350781,0.7365628815785922,0.7365628815785922,42.56055695053262
312,0.4754575043556607,1.5271508100229751,0.020745000717020227,0.4750047193379914,-67.89180755615234,-0.40784823055319325,0.5412894252478982,0.73529965248831,0.73529965248831,42.66745758512649
313,0.45574096086641436,-2.091913983900449,-0.2268905241492523,-0.3952474079139801,-67.8648452758789,-0.3959740524223071,0.5329409581592645,0.7477823780516236,0.7477823780516236,41.60135594118513
314,0.456514166142141,0.5859746149321633,0.38035550936950846,0.25245766057047286,-67.90904998779297,-0.4025736724122621,0.525093352979666,0.7498075812747406,0.7498075812747406,41.42628726331565
315,0.46527123195630976,-2.740858344068007,-0.42841002187887484,-0.18149978633564337,-67.92474365234375,-0.4024599560725318,0.5377103349439222,0.7408735245995708,0.7408735245995708,42.19412028605935
316,0.4018470851538759,0.822662794620421,0.27336528003521066,0.2945377794408338,-67.97874450683594,-0.41298391351776204,0.5335798452444684,0.7380628942877719,0.7380628942877719,42.43333572481573
317,0.3734494444883261,-2.5618356515540888,-0.3124262345003858,-0.2045833218631208,-67.87025451660156,-0.4073485470770214,0.5326055525778461,0.7418884596470597,0.7418884596470597,42.10746721590072
318,0.32899841602910873,1.0947189889755196,0.15077874041047143,0.29241362688817046,-67.81355285644531,-0.41026815848526027,0.5271464926537318,0.7441751228145043,0.7441751228145043,41.91170292822416
319,0.3313428108103706,-2.317838515683442,-0.22513802451044107,-0.24310682465791264,-67.9227294921875,-0.41148382029911834,0.5265867415853224,0.7439001742294432,0.7439001742294432,41.935280993319374
320,0.37297644028079086,0.32863582979474737,0.3530160514491471,0.12037895340873957,-68.00105285644531,-0.4094599435234658,0.5320703012094121,0.7411098091515762,0.7411098091515762,42.17395971836563
321,0.4357375163945634,2.935451988210758,-0.4265121451502617,0.08918841423091049,-67.98388671875,-0.41695588208496503,0.5232985770884035,0.743173190859305,0.743173190859305,41.997571094622565
322,0.45856948458855223,-1.1830251733914685,0.17339704129688735,-0.4245226004175702,-67.88492584228516,-0.43147580302870286,0.5289713362673656,0.730765322664023,0.730765322664023,43.049407824235594
323,0.4328832543535082,0.4375148910981958,0.392108844013376,0.183408195962389,-68.002197265625,-0.4248671189076718,0.5177229872671302,0.7425973604358511,0.7425973604358511,42.04685662418593
324,0.40880847401807185,2.118122759960947,-0.212746416369157,0.34908928764868424,-67.97323608398438,-0.4099518559790655,0.5265506196211152,0.7447710525765211,0.7447710525765211,41.86056215198659
325,0.402545348277849,-2.4149676744099104,-0.3008707875508326,-0.2674313493565713,-67.9832534790039,-0.4093750300881525,0.5299189330660787,0.7426964447999149,0.7426964447999149,42.03837930839502
326,0.4528289154102153,-0.3148254524260974,0.43057257443307356,-0.1402187033803524,-68.00166320800781,-0.40844977400515275,0.5314074203550344,0.742142126352323,0.742142126352323,42.0857870226109
327,0.4900325585528658,-2.863868672405875,-0.4712554611633692,-0.13435102815225541,-67.88763427734375,-0.41955334204056616,0.5355135819028005,0.7329394223128023,0.7329394223128023,42.86661443475529
328,0.48457350457931075,1.0987047447949712,0.22035984073836568,0.43157041364073767,-67.93455505371094,-0.42117997926753203,0.5209937735183098,0.7424102053577615,0.7424102053577615,42.06286517294022
329,0.41239916157729734,-1.6657588537730255,-0.03910363262725844,-0.4105410751496252,-67.91592407226562,-0.42198801800473323,0.5240071364421703,0.739826083358862,0.739826083358862,42.28339735094958
330,0.40729673109765485,1.3774316255258408,0.07826694245977518,0.3997060330803547,-67.91606903076172,-0.40916749053185747,0.5286115719860655,0.7437417365284021,0.7437417365284021,41.94886282745074
331,0.338437458449856,-1.4974674581681349,0.024795001019634152,-0.3375279561850164,-67.89427947998047,-0.4127320171738134,0.522209040005152,0.7462908283883252,0.7462908283883252,41.729908564262814
332,0.3629355297852912,1.63829933681092,-0.024480639170647255,0.36210895747872157,-67.97124481201172,-0.40640766045596666,0.5368731082418912,0.7393240691127256,0.7393240691127256,42.32613157862296
333,0.46914086743800104,-1.3271525248639204,0.1131757322817345,-0.4552849735308351,-67.9649887084961,-0.41460887861722534,0.5253358802649085,0.7430489154006354,0.7430489154006354,42.00821185767517
334,0.5226429410160495,1.8648862650997782,-0.15149797666973394,0.5002039652570565,-67.81768798828125,-0.40898253577835164,0.5296075858000019,0.7431346381991645,0.7431346381991645,42.00087230072448
335,0.398443973644579,-1.0652012259412489,0.19297764128057807,-0.34859321579667396,-68.01458740234375,-0.41619182721129655,0.5219973602586006,0.744515358367828,0.744515358367828,41.88251124181543
336,0.367005263475578,2.1137756605381144,-0.1896276216456663,0.3142200320281736,-67.93850708007812,-0.3997607086755692,0.5278998151138953,0.7493418185327188,0.7493418185327188,41.466603693849535
337,0.38054699644213563,-0.7642050924430978,0.2747292948779366,-0.263324573553253,-67.96430206298828,-0.4158001209118525,0.53326187133233,0.7367102795759201,0.7367102795759201,42.54806926307459
338,0.38612928147477227,2.0762550759243528,-0.18696722496016677,0.3378447554764145,-67.95913696289062,-0.4144418098535942,0.5133653204029938,0.7514612658366424,0.7514612658366424,41.28288372271391
339,0.38642175093518977,-0.8400180482257,0.25791696049360563,-0.2877509532313624,-67.9376449584961,-0.4118246066786073,0.5262894784926134,0.7439219570371501,0.7439219570371501,41.93341341459843
340,0.4250407462614481,2.4812562614314215,-0.33569120494290405,0.26071258294618216,-67.87383270263672,-0.4114718407537055,0.5158928484745364,0.7513624246391261,0.7513624246391261,41.29146646903309
341,0.4269341850629208,-0.9018794792760205,0.2647575244273957,-0.33492723334243407,-67.98435974121094,-0.41267701733026424,0.5263123766099167,0.743433226049669,0.743433226049669,41.97529915272253
342,0.4572616416581417,2.4162795213305204,-0.3421651077222959,0.3033335589566187,-67.8543472290039,-0.4178754178752036,0.5154491975894309,0.7481258315551175,0.7481258315551175,41.57170859808077
343,0.47083385154395935,-0.16473123726422115,0.4644599216231576,-0.07721073089622622,-67.92279052734375,-0.3923380051699001,0.5246051091698011,0.7555530220522216,0.7555530220522216,40.926284897365676
344,0.4699186296931521,-3.103576767107621,-0.4695791055929549,-0.01786007063844801,-67.95601654052734,-0.4046688460805037,0.5267652333708019,0.7475035210108901,0.7475035210108901,41.62541453201089
345,0.4604692482179343,-0.05480144428159693,0.45977798101430145,-0.02522175110499291,-67.91160583496094,-0.4054555783293936,0.5239913355330573,0.7490252694588215,0.7490252694588215,41.49398587218998
346,0.41888717567464206,-2.942376825339241,-0.4106024533337814,-0.08289807754681805,-67.909912109375,-0.4004538258358754,0.5391369274887184,0.7409238198299707,0.7409238198299707,42.189829588843075
347,0.39626654284889756,0.15968102828724806,0.3912252601615084,0.06300768836401828,-67.93010711669922,-0.40572107777355504,0.5184925510264567,0.752699064421062,0.752699064421062,41.175276777235105
348,0.3334670496870959,-2.7621968530352907,-0.309753732925792,-0.1235026241241586,-67.88235473632812,-0.42107805996986986,0.5226788264284437,0.74128274755008,0.74128274755008,42.1591990865618
349,0.40160168441560623,0.43297324639452756,0.3645427942909981,0.1685006351797025,-67.98033142089844,-0.40316764552681683,0.5186039918914451,0.7539932023530591,0.7539932023530591,41.06252438855579
350,0.5080048482375167,-2.520180787908422,-0.4130370513891896,-0.2957521259645419,-67.9361801147461,-0.38833071691483223,0.5276396624578059,0.7555101858359192,0.7555101858359192,40.9300313310364
351,0.37475902319865373,0.8455519366165651,0.24858453645304462,0.28044616899724983,-67.90947723388672,-0.4145452690961935,0.5262261895140858,0.7424541853471163,0.7424541853471163,42.0591037339591
352,0.36159593215464303,-0.7482014443895479,0.26501859445877135,-0.2460015502834941,-67.91564178466797,-0.4137710923159062,0.5306433027666008,0.7397372292866269,0.7397372292866269,42.290963652443466
353,0.49282543442496063,-1.4734056830047233,0.04792074820616745,-0.49049007197650013,-67.93900299072266,-0.42174634400400096,0.5147813537542885,0.7464115347086762,0.7464115347086762,41.71951725110319
354,0.4086050523021341,-2.1689950111364666,-0.23010792436452013,-0.33765134667506075,-67.85075378417969,-0.4017748959750168,0.5175424486412925,0.7554645900494872,0.7554645900494872,40.93401880494398
355,0.3744110338723713,2.71515619322549,-0.3408808449720412,0.15486727161193603,-67.9232406616211,-0.40362557278423866,0.5276572975276973,0.7474384077369602,0.7474384077369602,41.63103058919731
356,0.35650047293204723,1.4951756680503856,0.02693311403957811,0.35548163745671085,-67.87574768066406,-0.40757785861446744,0.5246375825955096,0.7474193575868804,0.7474193575868804,41.63267355845153
357,0.3894205468078323,0.755844097546792,0.2833785410597534,0.26710478232887697,-67.96993255615234,-0.4088811216254349,0.5156379208796587,0.7529500401283137,0.7529500401283137,41.153430248344854
358,0.49403424709064836,0.30233218184075944,0.47162716810412036,0.14709742215454213,-67.92532348632812,-0.4112057347298397,0.5205132364073872,0.7483153175299836,0.7483153175299836,41.55534452247685
359,0.4297825273439614,0.8157331314666695,0.29454487542328944,0.3129797711866405,-67.96326446533203,-0.4046954173909119,0.5206454045333209,0.7517645787619488,0.7517645787619488,41.25653679380906
360,0.34871109403401285,0.7516788402767115,0.2547486146413019,0.2381230153528542,-67.90770721435547,-0.40704511620406897,0.5310461720532192,0.7431717409334391,0.7431717409334391,41.99769525340935
361,0.42337128585180067,0.8106010898501695,0.29172946579746734,0.30681780337739767,-67.89488983154297,-0.4087471592395275,0.524972294840974,0.7465452762311325,0.7465452762311325,41.70800130006596
362,0.461735280431153,0.22625330396131932,0.44996736646498176,0.10358010577038572,-67.85566711425781,-0.39881090469700975,0.5208398404177086,0.7547686552370922,0.7547686552370922,40.99484051865244
363,0.46698418276202763,-0.31758757452688363,0.44363101525723514,-0.14582780685367802,-67.8409194946289,-0.40280491340787383,0.5267585636483486,0.7485142733158827,0.7485142733158827,41.53815695450315
364,0.43297595942811784,-0.8766731573464608,0.2769798045970131,-0.3327917806799014,-67.88610076904297,-0.4170852926053128,0.5224094416661186,0.7437259131900911,0.7437259131900911,41.950219062633934
365,0.38086408398408916,-0.2365368234012845,0.37025905857038993,-0.08925065834831632,-67.95369720458984,-0.40428063893533583,0.5267669850303592,0.7477123166459557,0.7477123166459557,41.60740160903224
366,0.389040416226822,0.1892548014489394,0.38209398281115825,0.07318902757548558,-67.8809585571289,-0.4120666402373879,0.5141459188254744,0.7522333801145625,0.7522333801145625,41.21578770753231
367,0.39626367001722657,0.8014200501786999,0.2756756128169102,0.28465391736904383,-67.97215270996094,-0.4115509690972155,0.5218028240866057,0.7472266139601732,0.7472266139601732,41.6492936420144
368,0.43888410723898674,0.2774271655873739,0.42210261588855513,0.12020250100144052,-67.88036346435547,-0.41097657912287944,0.5136994917252132,0.7531341737125685,0.7531341737125685,41.13739602174362
369,0.462290936085861,-0.12128068202067367,0.4588951819205456,-0.05592961288307798,-67.96658325195312,-0.3996189047780002,0.5224799262797182,0.7532061189201612,0.7532061189201612,41.131129686474935
370,0.45666375647765267,0.5242905796855768,0.39532435854572306,0.22860541992851668,-67.8702392578125,-0.4194881513215606,0.5050599333860125,0.754283868705235,0.754283868705235,41.03716491500846
371,0.39406641323602914,1.3095613988494081,0.10177702115169972,0.3806964355049773,-67.9501724243164,-0.40876027451356606,0.5248532006622172,0.7466218291305314,0.7466218291305314,41.70140846523789
372,0.3915154700424266,1.4783506457090667,0.036142382879656675,0.3898436756474607,-67.93284606933594,-0.40269600562319396,0.519054175167104,0.7539354682575439,0.7539354682575439,41.06755992319032
373,0.42519228499390715,1.2051938774845488,0.15201134074105335,0.397090709415931,-68.0171890258789,-0.4084739891729232,0.5271557916924674,0.7451548640747416,0.7451548640747416,41.82759769662015
374,0.4522005978845525,1.2603824650262787,0.13812591380698044,0.43058868153045243,-67.9515151977539,-0.40262535912540925,0.5219936381253244,0.7519411293085538,0.7519411293085538,41.241194572239536
375,0.44855710233866775,1.175279230682544,0.1728225094493297,0.4139273538751678,-67.95411682128906,-0.415037327704467,0.5229080381153173,0.7445207856643928,0.7445207856643928,41.882045453749654
376,0.4261256462949475,1.1056506900785368,0.19113992420785922,0.3808524593646475,-67.8687515258789,-0.40612458888386194,0.5243875994187209,0.7483852376148166,0.7483852376148166,41.549304867514266
377,0.38550281102204953,1.904601016241555,-0.12630616863056754,0.36422406437764193,-67.93846130371094,-0.40462185774208304,0.5202336540143878,0.75208915526564,0.75208915526564,41.22832752173976
378,0.4020546793316306,2.9991428016679205,-0.3979823338486144,0.05707913030933704,-67.85204315185547,-0.4091911710052526,0.5255785270058269,0.7458751889704708,0.7458751889704708,41.765673798117504
379,0.41781756370062434,-2.4847613403802113,-0.330882696720072,-0.25512380827350895,-67.9912338256836,-0.39501723041280773,0.5256999294114661,0.7533929730849461,0.7533929730849461,41.11485126130919
380,0.4476766410232586,-2.647154240845717,-0.3940608015663005,-0.21243930800770439,-67.90824127197266,-0.4029040143545244,0.5292909934048486,0.7466722169181855,0.7466722169181855,41.697068539047315
381,0.45899317305754456,-2.352544100928897,-0.3233702653390503,-0.32573978020497474,-67.97329711914062,-0.3988382372995224,0.5228369031470762,0.7533721744100886,0.7533721744100886,41.1166634694404
382,0.36681039362520795,2.932815552790468,-0.3588451458335107,0.07602648343311987,-67.8840103149414,-0.40775546798225637,0.5204816699734738,0.7502228399297074,0.7502228399297074,41.39031534023445
383,0.39055300648322167,-2.95191217021078,-0.38354825418392435,-0.07363686295292009,-67.9238510131836,-0.40710352911707004,0.5181456212694331,0.7521913531407685,0.7521913531407685,41.219442120030536
384,0.4697584168716374,-2.1825567238964956,-0.26978671103537155,-0.3845622196348258,-67.8997573852539,-0.40564247802467074,0.5187587339815306,0.7525580083554252,0.7525580083554252,41.18755101874036
385,0.4560999199254595,-1.8107865090785167,-0.10841179935913389,-0.44302823692821824,-67.91935729980469,-0.4192117465628878,0.5144519677813455,0.7480646258108953,0.7480646258108953,41.57699322187318
386,0.3766239383016166,-2.120074268325438,-0.19662463200389876,-0.3212232012030752,-67.8470687866211,-0.4087265138010054,0.5044392280081784,0.7605811607991547,0.7605811607991547,40.48454144040537
387,0.3960107302647613,-1.7904455563221338,-0.08628570627483456,-0.38649615182752145,-67.96146392822266,-0.4122329812044091,0.5187659740950091,0.7489631722111454,0.7489631722111454,41.499355682408535
388,0.4341865009065235,-2.177720739829228,-0.2476356030949335,-0.35664341526132104,-67.93464660644531,-0.40281528566935726,0.5094652626471246,0.7603847656200186,0.7603847656200186,40.50187027456975
389,0.4515166599398736,-2.817410115249509,-0.42799780389641495,-0.1438234127779806,-67.8865966796875,-0.39510267565287244,0.5285870519732064,0.7513252319589806,0.7513252319589806,41.29469566780237
390,0.47245220449512665,3.0656083900728484,-0.471088983591338,0.035864398380358,-67.87613677978516,-0.416305131883387,0.5124029797334095,0.7510880264841658,0.7510880264841658,41.315285805641025
391,0.47618186414958774,1.879368813197128,-0.1446158878478355,0.4536908779410918,-67.93246459960938,-0.4082126556835186,0.5136073893970532,0.7546985340495588,0.7546985340495588,41.00096468907183
392,0.4566404079154229,0.5486663227474767,0.38961512142897076,0.23816070056802438,-67.89379119873047,-0.4060632031741225,0.5107063068871268,0.7578203897584725,0.7578203897584725,40.72757678172692
393,0.4377321403339691,-0.46410575381103214,0.3914298012830235,-0.19593911643388198,-67.90603637695312,-0.4180524744833233,0.5066863604197611,0.7539900932657845,0.7539900932657845,41.06279557430216
394,0.43031816510371645,-1.8504125657970463,-0.11876213880349669,-0.413605219508952,-67.95609283447266,-0.4130599915290677,0.5107317928069481,0.7540122540212508,0.7540122540212508,41.06086260152971
395,0.40913799518702976,-2.991021557089488,-0.4045088332491998,-0.06137184149944584,-67.92811584472656,-0.39913366613540235,0.5102754146905879,0.7617816732631876,0.7617816732631876,40.37848097750037
396,0.39910228742681825,2.313483565076262,-0.2699008702423651,0.29400026542799695,-67.94083404541016,-0.40090926062863436,0.5056711479431568,0.7639165235024387,0.7639165235024387,40.18930276875871
397,0.42921402659088764,1.5752305720639819,-0.0019032340297549819,0.4292098068807273,-67.90572357177734,-0.40797093299391224,0.5221395420429188,0.7489526129651247,0.7489526129651247,41.50026872824048
398,0.4612084795015787,0.7989625898898441,0.3216700969792769,0.330517186048624,-67.92831420898438,-0.41230168433933195,0.5143923958542794,0.7519360239928954,0.7519360239928954,41.241638289352245
399,0.45703496772237273,0.6410424390078647,0.36630108721779164,0.2733211942459899,-67.91532135009766,-0.4073256721815658,0.5225320968066882,0.7490300425140781,0.7490300425140781,41.4935731024776
400,0.4487980944319007,0.7040755247820355,0.34207853802125837,0.29052022888422724,-67.91903686523438,-0.4195622673478902,0.519939204937133,0.7440636578863663,0.7440636578863663,41.921262844340404
401,0.3698832992976597,0.394790417046102,0.34143083777462224,0.14226256751458427,-67.89500427246094,-0.412983822501335,0.5191393089254468,0.7482905453636277,0.7482905453636277,41.557484155039596
402,0.3923728836935598,0.8225644457121111,0.2669485302317069,0.2875673174495518,-68.00474548339844,-0.41535020760079067,0.5161757717522873,0.7490305585901758,0.7490305585901758,41.49352847245925
403,0.4261912457552539,1.337266752215862,0.0986260773370755,0.41462256912463946,-67.8926010131836,-0.40213972786366364,0.5162975183038189,0.7561220218106708,0.7561220218106708,40.87649363261975
404,0.4632161060826765,1.3870011926864825,0.08465834549201966,0.4554142350354798,-67.88003540039062,-0.39930588468510114,0.5286586061404623,0.7490493232154157,0.7490493232154157,41.49190568979271
405,0.4849482574706772,0.8199905306041445,0.3308453432126023,0.35456476319338565,-67.98257446289062,-0.41625384118697767,0.5137054551716331,0.7502262625528326,0.7502262625528326,41.39001874787903
406,0.3956342280912342,-0.38770059543325125,0.3662705804774398,-0.14957374206078428,-67.96881103515625,-0.4083283841021451,0.516250310624665,0.752830357727734,0.752830357727734,41.16384935743243
407,0.34627570574873306,-0.6413430714152875,0.2774682847411365,-0.2071671193857625,-67.90548706054688,-0.41018505824959106,0.5243135068391597,0.7462195149785363,0.7462195149785363,41.73604676918824
408,0.39975659714729905,-0.58999886705414,0.33217427028547764,-0.22240861296968334,-67.90249633789062,-0.4027518766627389,0.5173973018305631,0.7550436794670196,0.7550436794670196,40.97081346800354
409,0.4772519154201007,-0.5338018767610616,0.41085608682145874,-0.2428305308109194,-67.89209747314453,-0.4021976208298353,0.5209604598498545,0.7528859628601454,0.7528859628601454,41.15900884893
410,0.4271442429437521,-0.3739943544273159,0.39761810716668927,-0.15605141823504937,-67.9021987915039,-0.41004768585947116,0.5168082403720679,0.7515119014392384,0.7515119014392384,41.2784862790102
411,0.3723886948642532,-0.6769763050428848,0.29026597968162,-0.23327880551428426,-67.9547348022461,-0.41044840792334,0.5155863689843245,0.7521321696023616,0.7521321696023616,41.22458791293563
412,0.37699936653988764,-1.195874184088628,0.13805719862822988,-0.35081153384460156,-67.98995971679688,-0.4125038517421105,0.515105993621965,0.7513364011098167,0.7513364011098167,41.293725944773136
413,0.43973342555377354,-1.0718496655118612,0.21041283158482255,-0.3861242362941145,-67.95756530761719,-0.41525720333088245,0.5233702500384073,0.7440732735803304,0.7440732735803304,41.92043821344836
414,0.4547005173087489,2.9859760698234283,-0.44920598660353195,0.07047369750759047,-67.89908599853516,0.3922420216043037,-0.5105911352693626,-0.7651423979051956,-0.7651423979051956,139.9196620258754
415,0.4331794227260705,0.6592288455236517,0.3424130876377048,0.26532562953417294,-67.93484497070312,-0.41246076261390496,0.509498646261212,0.7551736547059547,0.7551736547059547,40.959454351666984
416,0.36237538615883463,1.1486738960134757,0.14846429022603308,0.33056659695354085,-67.91275787353516,-0.41063325224726016,0.5205710534224727,0.7485894138227279,0.7485894138227279,41.531664135908834
417,0.38669467348042397,1.648510827435286,-0.030021542740495497,0.38552753140289775,-67.99140167236328,-0.40723246313054495,0.5020315620661527,0.7629718419850422,0.7629718419850422,40.273105963826644
418,0.4461120694475947,1.8934014322765498,-0.14143463387563107,0.42309836072393586,-67.94043731689453,-0.4022725875236387,0.5257607084458336,0.7495014628281733,0.7495014628281733,41.45278849901396
419,0.46556818651362786,1.7953755494407386,-0.10368025252615812,0.45387679113356333,-67.99626159667969,-0.40586756972364,0.5135684960427048,0.7559887007879552,0.7559887007879552,40.88816459131613
420,0.4359955326870307,2.666291632131723,-0.3876676133807635,0.19951422520389495,-67.91058349609375,-0.4079139052813273,0.5132153094188494,0.755126672854463,0.755126672854463,40.96356060474287
421,0.4218300748956796,-2.101055432278163,-0.21334346352934794,-0.363902704930585,-67.95481872558594,-0.3975964410817225,0.5156332959885467,0.7589725779678317,0.7589725779678317,40.6262938376773
422,0.40887970816094554,-0.6822208820217771,0.31736193237106763,-0.2578061667755096,-67.82313537597656,-0.41303038409095294,0.5132075836925769,0.7523455840623421,0.7523455840623421,41.20602982419209
423,0.39754153399479025,-2.2371789952470085,-0.24573894265086846,-0.3124926292182972,-67.90047454833984,0.40448307525135047,-0.5227188484574817,-0.750438836483357,-0.750438836483357,138.62840556908955
424,0.4231953908515713,2.239807876746518,-0.2624704006841884,0.33196931726094175,-67.88371276855469,-0.41703322418818456,0.5121254489678938,0.7508733677809067,0.7508733677809067,41.33391156370751
425,0.4281535404556716,-3.0077297743172986,-0.4243231658351133,-0.057142848549869875,-67.87944793701172,-0.4003055713025125,0.5173847678842726,0.7563520685140662,0.7563520685140662,40.856348819722314
426,0.4401674368762705,-1.5123242882228651,0.025722823864723247,-0.43941518956295766,-67.9560317993164,-0.4075468297440245,0.505917512789952,0.7602322354504734,0.7602322354504734,40.51532446843544
427,0.4797649466970155,0.11390144382252833,0.4766561852475429,0.054527838252128105,-67.86634826660156,-0.3990561261169208,0.4997654146545848,0.7687579193242091,0.7687579193242091,39.75751825761994
428,0.41116361882273816,-1.5759429510079914,-0.002116095294383977,-0.41115817343707883,-67.82522583007812,0.4090865580604312,-0.5014397033086324,-0.762368947400155,-0.762368947400155,139.67348649509518
429,0.3857271472681414,-2.613283814714164,-0.3331374068000016,-0.19443482283322788,-67.9407730102539,-0.40553653131935313,0.5049183669355389,0.7619695299003865,0.7619695299003865,40.36186370983526
430,0.4372300763003703,-1.3535586187372868,0.09423754513373772,-0.42695365639468924,-67.94003295898438,-0.4167787638717667,0.49961663790963673,0.759393624617295,0.759393624617295,40.58922970133384
431,0.39409176623376,-0.2720851702219184,0.379594163113513,-0.10590841110788242,-67.872314453125,-0.39818808490638136,0.5028548851967631,0.7671917709884137,0.7671917709884137,39.89762225426745
432,0.38750404849104503,0.0918013779694285,0.3858723510731175,0.03552346089917087,-67.86225891113281,-0.40136166570701487,0.49281436955302,0.7720380887384701,0.7720380887384701,39.462738132362155
433,0.42084158773860914,-0.16810540397681423,0.41490920694280237,-0.0704130099090236,-67.88671875,-0.39936479580602235,0.5236261145901128,0.7525446511603656,0.7525446511603656,41.18871316279591
434,0.4522801283502495,-0.12253301294785524,0.448889030817179,-0.055280670333597334,-67.87248229980469,-0.3977824963384804,0.5032912140506518,0.7671160534535488,0.7671160534535488,39.904385379650435
435,0.46544210064560265,0.10594143000971218,0.4628325778394431,0.049217415046781995,-67.90306091308594,-0.407287734286702,0.5073935512455374,0.759386914328952,0.759386914328952,40.58982061784976
436,0.429766101286596,-0.10120576561129843,0.427567016641062,-0.04342059529465819,-67.96723937988281,-0.3932093626628685,0.505064543045299,0.7683073632815868,0.7683073632815868,39.79786607820145
437,0.4065809431332732,0.5780538328042172,0.34052276613164056,0.22215379597296545,-67.94901275634766,-0.41260534760408585,0.4923720727318573,0.76637234365695,0.76637234365695,39.97076323233551
438,0.33955540301054216,0.2313372769670132,0.33050986961780754,0.07785305259828655,-67.89471435546875,-0.40165748066566714,0.5010518060241596,0.7665626888293202,0.7665626888293202,39.95378321886891
439,0.45293858233796963,-0.28101561507265455,0.4351717365910355,-0.1256141673644821,-67.94235229492188,-0.4041959449533247,0.5080621019030668,0.7605909141536775,0.7605909141536775,40.483680697842324
440,0.48525281527029906,-0.8157772292476182,0.3325450046715394,-0.3533894658811392,-67.97920989990234,-0.41836260817237764,0.5073261185538457,0.7533876409367856,0.7533876409367856,41.11531586266068
441,0.4597658407870473,-1.2615009159543193,0.13994700100803378,-0.4379491583089045,-67.97665405273438,-0.41677009766563666,0.5031992725082315,0.7570291789878131,0.7570291789878131,40.79700777374568
442,0.3433733031262885,-1.2333790385897905,0.11367411623736712,-0.32401145133700376,-67.91349029541016,-0.4257287190695734,0.4973671076737139,0.7558974917035145,0.7558974917035145,40.89614747796919
443,0.3881643831954331,-1.974643582423283,-0.1525326912332261,-0.3569388834053252,-67.87185668945312,-0.41706300870533286,0.49104393100429544,0.7648099794024031,0.7648099794024031,40.10991009610734
444,0.4330208638543302,-2.604224505205785,-0.37199040053214283,-0.22165335649406787,-67.94510650634766,-0.41775851133804204,0.4992321469555084,0.7591080882527973,0.7591080882527973,40.61436811189298
445,0.47893233946867836,-2.5187329110085495,-0.38899532125241615,-0.27939009616067445,-67.97023010253906,-0.4125839375975619,0.49598301295883324,0.7640519257830382,0.7640519257830382,40.177279273090626
446,0.40496355678945906,-2.583442201183255,-0.34350471431049606,-0.21447609091466102,-67.96932220458984,-0.4142829763703917,0.5013694963404096,0.7596040044846089,0.7596040044846089,40.57069977388403
447,0.4119120283607983,-2.0289434514603477,-0.18218336505857424,-0.3694329988025452,-67.95672607421875,-0.40303565676139924,0.49910000108289965,0.7671124091669729,0.7671124091669729,39.90471086494084
448,0.36372284092022333,-1.9664632201554373,-0.14018738256149577,-0.3356215171553143,-67.90364074707031,-0.410693551417943,0.49400662472523427,0.76634735045624,0.76634735045624,39.972992340674665
449,0.4386567400228764,-1.0177344907145196,0.23042422082463426,-0.37326185717918936,-67.84420776367188,-0.4344121255024729,0.4861104278680409,0.7582761747110178,0.7582761747110178,40.68753596694976
450,0.4593460398365686,0.12256363022384449,0.4559002444441903,0.05615827124534675,-67.833740234375,-0.4067841158752158,0.4948111328880556,0.7679118607246915,0.7679118607246915,39.833255706275985
451,0.44409265671312387,1.3359562067033086,0.10333480874146295,0.43190300421377686,-67.82791900634766,-0.41383169419552845,0.5169260150964952,0.7493536039786002,0.7493536039786002,41.465583941434495
452,0.428489797463266,2.602402178444993,-0.3676976386837096,0.22000443867462058,-67.83894348144531,-0.41164150059814064,0.4801423934824101,0.7746060656658282,0.7746060656658282,39.23066922950643
453,0.4013627686235059,-0.8001470090088992,0.27958980392287514,-0.2879611320638502,-67.89508819580078,0.4146606675295534,-0.49134056630404355,-0.7659249171478671,-0.7659249171478671,139.98934706429347
454,0.35123266596941155,2.4212426156753155,-0.2639776464782096,0.23168985261293948,-67.8593521118164,-0.41097325194257905,0.49644967808098944,0.7646167035325762,0.7646167035325762,40.12709568987872
455,0.42558974578644415,3.080579996394842,-0.42479785313755697,0.02595025410844297,-67.91979217529297,-0.4027948230101849,0.49204962281961223,0.7717794369113959,0.7717794369113959,39.486049256698884
456,0.4084933935437218,-2.143101341282732,-0.22122826035800908,-0.34340196474079027,-67.93660736083984,-0.39940403874421954,0.495981114881473,0.7710247385886767,0.7710247385886767,39.554001132348766
457,0.3802568127947227,-1.191862766471404,0.1406683623983828,-0.3532812696661939,-67.87983703613281,-0.42005704934908766,0.4995746191216158,0.7576128795246492,0.7576128795246492,40.74579584026614
458,0.5030168375092795,-1.3420526336978162,0.11406114040227144,-0.48991427318253367,-67.87688446044922,-0.4211216979517749,0.48469505976309674,0.7666336899428972,0.7666336899428972,39.947447924590755
459,0.42335865040076576,-2.2583834799184395,-0.26869491122288475,-0.3271629434274057,-67.87284088134766,-0.4098291008679992,0.48550045342651516,0.7722236837888202,0.7722236837888202,39.44600418488507
460,0.36009341093345754,3.013360132617078,-0.3571368533290432,0.046049240948373975,-67.89225006103516,-0.41530487211821127,0.4951785636109937,0.7630989800379957,0.7630989800379957,40.261835911078386
461,0.39506554914949715,1.7331318196463614,-0.06385185002863915,0.38987142672003283,-67.86344146728516,-0.4123954697488738,0.49282638931009815,0.7661932696977817,0.7661932696977817,39.986732302295636
462,0.4408226378026289,0.30963900616739237,0.41985871426824317,0.1343251951507442,-67.92816925048828,-0.41657501368938005,0.48329626038831786,0.769993495209122,0.769993495209122,39.64669526787769
463,0.4661516940612736,-0.7129692975124283,0.35260788492923223,-0.30490175690200366,-67.893310546875,-0.4090194511017892,0.5044255545952053,0.7604327376512079,0.7604327376512079,40.497638051934274
464,0.42799246361591525,-2.0244656621341965,-0.18757481935147916,-0.3846988901170375,-67.98212432861328,-0.39638467975491776,0.4914487084643657,0.7754723416114195,0.7754723416114195,39.152123662329146
465,0.400094867788691,2.9348363854497044,-0.3915736297865565,0.08213401053541045,-67.96224212646484,-0.4110423878806184,0.4940150053571631,0.7661548993822082,0.7661548993822082,39.99015331689939
466,0.37865529556275446,1.9692669886699306,-0.146921766238142,0.3489897240080024,-67.93263244628906,-0.40247166595118133,0.4879771168054997,0.7745288190769098,0.7745288190769098,39.23766680142775
467,0.4339024304006148,0.933458830542105,0.25819700143214663,0.34871998445602237,-67.84727478027344,-0.4093841013282069,0.4858797053153167,0.7722211921090987,0.7722211921090987,39.446228883432326
468,0.47024411162965707,-0.6599241714725024,0.37151105649753174,-0.2882864190739015,-67.91922760009766,-0.40672598544225125,0.48484723853316786,0.7742719987528873,0.7742719987528873,39.2609239822701
469,0.4407597503962792,-2.6894540990155806,-0.39646993920806317,-0.19256361253815588,-67.90485382080078,-0.39734035751696534,0.48863507598960837,0.7767601964576455,0.7767601964576455,39.03510826721103
470,0.4225087788562522,1.6789171353613563,-0.04559303822839239,0.42004159683977227,-67.91868591308594,-0.4017332145020826,0.4919436315022876,0.772400082722785,0.772400082722785,39.4300938859706
471,0.4180426753465553,-0.24802411324518617,0.4052503070421499,-0.10262488515534927,-67.92757415771484,-0.4104387833246576,0.4835873390798115,0.7730997934449875,0.7730997934449875,39.36693048056226
472,0.3725784681503452,-2.144603640158511,-0.20224807786746263,-0.31290642359685517,-67.88164520263672,-0.4037490090970285,0.4837558332333476,0.7765095179493148,0.7765095179493148,39.05790816817825
473,0.3585952906837185,2.7457444658567995,-0.3308650604856716,0.13827108971275748,-67.9244613647461,-0.40930584705831885,0.47856474390108455,0.776816908581914,0.776816908581914,39.02994859107496
474,0.4001164568373366,0.9479082486269806,0.23342125043860354,0.3249733817957141,-68.04452514648438,-0.4134809262076404,0.47951709701389467,0.7740134865322691,0.7740134865322691,39.28432271962898
475,0.4503301825743602,-0.7507760934933941,0.32926325109402227,-0.3072181388141843,-67.85995483398438,-0.4048602320467208,0.48810469175943305,0.7732024329950755,0.7732024329950755,39.357657994825466
476,0.45680270193102684,-2.373067480474761,-0.32841216652155386,-0.31751245231030817,-67.90242767333984,-0.39340772662398965,0.48643617120257415,0.7801347396304849,0.7801347396304849,38.72708630894084
477,0.46723042441488216,2.4668842060027982,-0.3648551494776221,0.29186467651734244,-67.87946319580078,-0.40119953250057483,0.4749721467806324,0.7832243579613173,0.7832243579613173,38.4432499710621
478,0.4745992399856838,0.5790554962390675,0.3972300184475009,0.2597166745497616,-67.87931060791016,-0.4061862558671063,0.4791815124648217,0.7780731351592777,0.7780731351592777,38.915509534710694
479,0.46580499733863207,-0.4723745414233195,0.4147948683556706,-0.21194223913945265,-67.96543884277344,-0.3917006561389784,0.48464595312151504,0.7821054251846309,0.7821054251846309,38.54624758508005
480,0.41494260531091903,-2.3864524444406854,-0.30215101929396193,-0.2843978326953863,-67.88361358642578,-0.3915895483516056,0.4828747843251867,0.7832557489637022,0.7832557489637022,38.44035707124629
481,0.3896402154100972,2.3210484995485237,-0.2656657581361017,0.2850284238787375,-67.83537292480469,-0.41389212553064075,0.48100731142348097,0.7728682130744432,0.7728682130744432,39.38784480067386
482,0.39015631290193337,0.15920392179534432,0.38522231825131775,0.06185235661081795,-67.90764617919922,-0.3993000461493285,0.48030873870296925,0.7809372501492723,0.7809372501492723,38.65353057958884
483,0.4019865369417215,-1.5921068953433357,-0.00856591326224417,-0.4018952612464866,-67.86581420898438,-0.39043287421969697,0.4892339454267918,0.7798796813423731,0.7798796813423731,38.750439540512225
484,0.40916297509219435,2.9517119861452525,-0.40180899284475535,0.07722611899726031,-67.89445495605469,-0.39787764483513577,0.4823402277064908,0.7804109715249372,0.7804109715249372,38.701781018080716
485,0.4075502311844273,1.106144295441716,0.18262804829654383,0.3643407565917865,-67.97241973876953,-0.40568091948782564,0.48436824803678674,0.7751195984216154,0.7751195984216154,39.18412296299885
486,0.40668933294330006,-1.4248618115294545,0.05913957317185157,-0.40236640567388027,-67.97054290771484,-0.40214525820270197,0.4865925378745969,0.775568754779253,0.775568754779253,39.14337366663222
487,0.38572642712261973,2.149589519719747,-0.21099779010734254,0.32290061807094683,-67.91556549072266,-0.40045953523211963,0.4796159697752745,0.7807692887007006,0.7807692887007006,38.66893518876466
488,0.391338860995734,-0.42157022007288886,0.35707618152105425,-0.1601333966285033,-67.88627624511719,-0.3990980892780303,0.48335844315671195,0.7791568074295091,0.7791568074295091,38.816561812700705
489,0.39413553158848996,-2.1875583088009347,-0.22796671685630182,-0.3215182627259302,-67.90685272216797,-0.4033069906235232,0.4749122764826272,0.7821776019295658,0.7821776019295658,38.53961074135744
490,0.44681298943368164,2.1737920374461823,-0.25339318802248034,0.36801323317303036,-67.91112518310547,-0.40137284435886406,0.4759374356771708,0.7825492937395793,0.7825492937395793,38.50541739471872
491,0.4719706850219279,0.12121194500681147,0.46850775216764456,0.05706849988293701,-67.97517395019531,-0.4075703544252695,0.47054745509082435,0.7826055831012254,0.7826055831012254,38.50023688551032
492,0.4646663992370325,-2.3922101441872243,-0.3401867478853664,-0.31652462644016727,-67.93467712402344,-0.3998337423594678,0.46943539143587076,0.787250526667511,0.787250526667511,38.0706937836024
493,0.4427813557603728,1.6320693562858362,-0.027113581835101642,0.4419504301265755,-67.91937255859375,-0.38983586187345504,0.4852625938227941,0.7826545954849781,0.7826545954849781,38.49572562269867
494,0.4342613239294888,-0.8695434807390532,0.28017472811080235,-0.33179062552915867,-67.89398193359375,-0.4008226407501528,0.48451892611896175,0.7775491115644092,0.7775491115644092,38.96328111177571
495,0.42147628088122796,3.121921943770476,-0.42139474116358,0.008290202962002245,-67.87081146240234,-0.40786084183239063,0.4812823911795738,0.7758974118014865,0.7758974118014865,39.11353398903667
496,0.4272719419920107,1.1239512892316026,0.18463381858460706,0.38532021157537344,-67.95520782470703,-0.40647562376509644,0.482930065304518,0.775600489498137,0.775600489498137,39.14049321694335
497,0.3851723746487696,2.75108728789373,-0.35617536865095023,0.14661809219510322,-67.94048309326172,0.40002379233466573,-0.47883633649716373,-0.7814708749634673,-0.7814708749634673,141.395445301625
498,0.3857357173919308,-2.144950931322997,-0.209502768234033,-0.3238836732133075,-67.94473266601562,-0.4014564441047551,0.47607310355154814,0.7824238771673335,0.7824238771673335,38.51695780915712
499,0.40626576007988174,2.5900236571894384,-0.3460179204957365,0.2128930870392231,-67.91314697265625,-0.39178518779707333,0.47972674474892557,0.7850901967260905,0.7850901967260905,38.27097887446928
500,0.4470558117895511,1.1549232756459196,0.1806055051644017,0.4089505475716176,-67.89629364013672,-0.3950847568155176,0.4924918704464862,0.7754739147618989,0.7754739147618989,39.151980903924915
